1,1,13.59843401,1,1s
2,1,54.41776311,0,
3,1,122.4543538,0,
4,1,217.7185766,0,
5,1,340.226008,0,
6,1,489.993177,0,
7,1,667.04609,0,
8,1,871.40985,0,
9,1,1103.11743,0,
10,1,1362.1991,0,
11,1,1648.702,0,
12,1,1962.664,0,
13,1,2304.14,0,
14,1,2673.1774,0,
15,1,3069.8414,0,
16,1,3494.1877,0,
17,1,3946.2908,0,
18,1,4426.2227,0,
19,1,4934.0482,0,
20,1,5469.8614,0,
21,1,6033.754,0,
22,1,6625.807,0,
23,1,7246.122,0,
24,1,7894.799,0,
25,1,8571.948,0,
26,1,9277.681,0,
27,1,10012.122,0,
28,1,10775.386,0,
29,1,11567.612,0,
30,1,12388.928,0,
31,1,13239.488,0,
32,1,14119.429,0,
33,1,15028.906,0,
34,1,15968.083,0,
35,1,16937.126,0,
36,1,17936.208,0,
37,1,18965.51,0,
38,1,20025.23,0,
39,1,21115.55,0,
40,1,22236.68,0,
41,1,23388.8,0,
42,1,24572.15,0,
43,1,25786.99,0,
44,1,27033.5,0,
45,1,28311.96,0,
46,1,29622.6,0,
47,1,30965.7,0,
48,1,32341.49,0,
49,1,33750.31,0,
50,1,35192.39,0,
51,1,36668.05,0,
52,1,38177.56,0,
53,1,39721.41,0,
54,1,41299.71,0,
55,1,42912.99,0,
56,1,44561.47,0,
57,1,46245.6,0,
58,1,47965.72,0,
59,1,49722.2,0,
60,1,51515.58,0,
61,1,53346.1,0,
62,1,55214.23,0,
63,1,57120.6,0,
64,1,59065.52,0,
65,1,61049.64,0,
66,1,63073.5,0,
67,1,65136.8,0,
68,1,67241.85,0,
69,1,69387.34,0,
70,1,71574.79,0,
71,1,73804.8,0,
72,1,76077.8,0,
73,1,78394.7,0,
74,1,80755.6,0,
75,1,83162.3,0,
76,1,85614.4,0,
77,1,88113.3,0,
78,1,90660,0,
79,1,93254.3,0,
80,1,95897.7,0,
81,1,98591.6,0,
82,1,101336.4,0,
83,1,104132.8,0,
84,1,106982.7,0,
85,1,109886,0,
86,1,112843.7,0,
87,1,115859,0,
88,1,118931.3,0,
89,1,122062.9,0,
90,1,125253.4,0,
91,1,128507,0,
92,1,131821,0,
93,1,135202,0,
94,1,138646,0,
95,1,142161,0,
96,1,145743,0,
97,1,149398,0,
98,1,153124,0,
99,1,156926,0,
100,1,160804,0,
101,1,164764,0,
102,1,168806,0,
103,1,172930,0,
104,1,177148,0,
105,1,181444,0,
106,1,185839,0,
107,1,190331,0,
108,1,194917,0,
109,1,199606,0,
110,1,204400,0,
2,2,24.58738794,1,1s2
3,2,75.6400937,0,
4,2,153.896198,0,
5,2,259.3715,0,
6,2,392.0905,0,
7,2,552.06731,0,
8,2,739.32679,0,
9,2,953.898,0,
10,2,1195.80779,0,
11,2,1465.13444,0,
12,2,1761.80481,0,
13,2,2085.97693,0,
14,2,2437.65804,0,
15,2,2816.90867,0,
16,2,3223.78059,0,
17,2,3658.34362,0,
18,2,4120.6655,0,
19,2,4610.86998,0,
20,2,5128.8576,0,
21,2,5674.9034,0,
22,2,6249.0223,0,
23,2,6851.3106,0,
24,2,7481.8625,0,
25,2,8140.7869,0,
26,2,8828.1875,0,
27,2,9544.183,0,
28,2,10288.8858,0,
29,2,11062.4309,0,
30,2,11864.9394,0,
31,2,12696.5569,0,
32,2,13557.4202,0,
33,2,14447.6778,0,
34,2,15367.4907,0,
35,2,16317.01,0,
36,2,17296.42,0,
37,2,18305.883,0,
38,2,19345.587,0,
39,2,20415.716,0,
40,2,21516.469,0,
41,2,22648.045,0,
42,2,23810.653,0,
43,2,25004.532,0,
44,2,26229.894,0,
45,2,27486.982,0,
46,2,28776.033,0,
47,2,30097.317,0,
48,2,31451.06,0,
49,2,32837.59,0,
50,2,34257.141,0,
51,2,35710.03,0,
52,2,37196.52,0,
53,2,38716.994,0,
54,2,40271.722,0,
55,2,41861.073,0,
56,2,43485.364,0,
57,2,45144.994,0,
58,2,46840.304,0,
59,2,48571.71,0,
60,2,50339.587,0,
61,2,52144.29,0,
62,2,53986.11,0,
63,2,55865.9,0,
64,2,57783.9,0,
65,2,59739.25,0,
66,2,61736.55,0,
67,2,63772.42,0,
68,2,65848.24,0,
69,2,67965.26,0,
70,2,70123.04,0,
71,2,72322.91,0,
72,2,74565.93,0,
73,2,76852.02,0,
74,2,79181.93,0,
75,2,81556.9,0,
76,2,83976.2,0,
77,2,86438.9,0,
78,2,88955.17,0,
79,2,91515.82,0,
80,2,94124.7,0,
81,2,96783.2,0,
82,2,99491.85,0,
83,2,102251.76,0,
84,2,105064.3,0,
85,2,107923.4,0,
86,2,110842,0,
87,2,113817.2,0,
88,2,116848.7,0,
89,2,119939,0,
90,2,123086.4,0,
91,2,126296.6,0,
92,2,129570.3,0,
93,2,132901.8,0,
94,2,136299.2,0,
95,2,139769.5,0,
96,2,143299.6,0,
97,2,146904.7,0,
98,2,150579.3,0,
99,2,154328,0,
100,2,158152.5,0,
101,2,162052.8,0,
102,2,166028.9,0,
103,2,170080.8,0,
104,2,174208.5,0,
105,2,178412,0,
106,2,182691.3,0,
107,2,187046.4,0,
108,2,191477.3,0,
109,2,195984,0,
110,2,200566.5,0,
3,3,5.391714761,1,1s2.2s
4,3,18.211153,0,
5,3,37.93058,0,
6,3,64.49358,0,
7,3,97.89013,0,
8,3,138.1189,0,
9,3,185.1868,0,
10,3,239.0969,0,
11,3,299.86,0,
12,3,367.5,0,
13,3,442.005,0,
14,3,523.415,0,
15,3,611.74,0,
16,3,706.994,0,
17,3,809.198,0,
18,3,918.374,0,
19,3,1034.541,0,
20,3,1157.726,0,
21,3,1287.956,0,
22,3,1425.257,0,
23,3,1569.656,0,
24,3,1721.183,0,
25,3,1879.87,0,
26,3,2045.759,0,
27,3,2218.876,0,
28,3,2399.259,0,
29,3,2586.954,0,
30,3,2781.996,0,
31,3,2984.426,0,
32,3,3194.293,0,
33,3,3411.643,0,
34,3,3636.526,0,
35,3,3868.986,0,
36,3,4109.083,0,
37,3,4356.865,0,
38,3,4612.397,0,
39,3,4875.73,0,
40,3,5146.935,0,
41,3,5426.065,0,
42,3,5713.194,0,
43,3,6008.391,0,
44,3,6311.72,0,
45,3,6623.262,0,
46,3,6943.096,0,
47,3,7271.297,0,
48,3,7607.945,0,
49,3,7953.137,0,
50,3,8306.95,0,
51,3,8669.48,0,
52,3,9040.83,0,
53,3,9421.1,0,
54,3,9810.4,0,
55,3,10208.78,0,
56,3,10616.42,0,
57,3,11033.4,0,
58,3,11459.85,0,
59,3,11895.89,0,
60,3,12341.66,0,
61,3,12797.26,0,
62,3,13262.85,0,
63,3,13738.58,0,
64,3,14224.57,0,
65,3,14721,0,
66,3,15228.06,0,
67,3,15745.77,0,
68,3,16274.56,0,
69,3,16814.34,0,
70,3,17365.44,0,
71,3,17928.05,0,
72,3,18502.32,0,
73,3,19088.51,0,
74,3,19686.74,0,
75,3,20297.4,0,
76,3,20920.6,0,
77,3,21556.6,0,
78,3,22205.7,0,
79,3,22868.12,0,
80,3,23544.1,0,
81,3,24234.1,0,
82,3,24938,0,
83,3,25656.9,0,
84,3,26390.4,0,
85,3,27139,0,
86,3,27903.1,0,
87,3,28683.4,0,
88,3,29479.8,0,
89,3,30293,0,
90,3,31122.8,0,
91,3,31971.6,0,
92,3,32836.5,0,
93,3,33722.2,0,
94,3,34625.8,0,
95,3,35549.4,0,
96,3,36493,0,
97,3,37457.6,0,
98,3,38443.5,0,
99,3,39451.4,0,
100,3,40482.2,0,
101,3,41548,0,
102,3,42632,0,
103,3,43759,0,
104,3,44929,0,
105,3,46142,0,
106,3,47398,0,
107,3,48697,0,
108,3,50039,0,
109,3,51424,0,
110,3,52852,0,
4,4,9.322699,1,1s2.2s2
5,4,25.15483,0,
6,4,47.88778,0,
7,4,77.4735,0,
8,4,113.8989,0,
9,4,157.1631,0,
10,4,207.271,0,
11,4,264.192,0,
12,4,327.985,0,
13,4,398.65,0,
14,4,476.18,0,
15,4,560.62,0,
16,4,651.96,0,
17,4,750.2,0,
18,4,855.47,0,
19,4,967.66,0,
20,4,1086.8,0,
21,4,1213.1,0,
22,4,1346.33,0,
23,4,1486.67,0,
24,4,1634,0,
25,4,1788.7,0,
26,4,1950.4,0,
27,4,2119.4,0,
28,4,2295.6,0,
29,4,2479.1,0,
30,4,2669.9,0,
31,4,2868,0,
32,4,3074,0,
33,4,3287,0,
34,4,3507,0,
35,4,3735,0,
36,4,3971,0,
37,4,4214,0,
38,4,4465,0,
39,4,4724,0,
40,4,4991,0,
41,4,5265,0,
42,4,5548,0,
43,4,5838,0,
44,4,6137,0,
45,4,6444,0,
46,4,6759,0,
47,4,7082,0,
48,4,7414,0,
49,4,7754,0,
50,4,8103,0,
51,4,8455,0,
52,4,8821,0,
53,4,9196,0,
54,4,9581,0,
55,4,9974,0,
56,4,10376,0,
57,4,10789,0,
58,4,11210,0,
59,4,11641,0,
60,4,12082,0,
61,4,12532,0,
62,4,12992,0,
63,4,13462,0,
64,4,13943,0,
65,4,14434,0,
66,4,14936,0,
67,4,15448,0,
68,4,15971,0,
69,4,16500,0,
70,4,17050,0,
71,4,17610,0,
72,4,18180,0,
73,4,18760,0,
74,4,19362,0,
75,4,19950,0,
76,4,20570,0,
77,4,21200,0,
78,4,21840,0,
79,4,22500,0,
80,4,23170,0,
81,4,23850,0,
82,4,24550,0,
83,4,25260,0,
84,4,25990,0,
85,4,26730,0,
86,4,27490,0,
87,4,28260,0,
88,4,29050,0,
89,4,29850,0,
90,4,30680,0,
91,4,31520,0,
92,4,32400,0,
93,4,33300,0,
94,4,34100,0,
95,4,35100,0,
96,4,36000,0,
97,4,37000,0,
98,4,37900,0,
99,4,38900,0,
100,4,40000,0,
101,4,41000,0,
102,4,42100,0,
103,4,43200,0,
104,4,44300,0,
105,4,45400,0,
106,4,46600,0,
107,4,47800,0,
108,4,49000,0,
109,4,50300,0,
110,4,51600,0,
5,5,8.298019,1,1s2.2s2.2p
6,5,24.3845,0,
7,5,47.4453,0,
8,5,77.4135,0,
9,5,114.249,0,
10,5,157.934,0,
11,5,208.5,0,
12,5,265.924,0,
13,5,330.212,0,
14,5,401.38,0,
15,5,479.441,0,
16,5,564.407,0,
17,5,656.3,0,
18,5,755.13,0,
19,5,860.92,0,
20,5,973.7,0,
21,5,1093.48,0,
22,5,1220.3,0,
23,5,1354.17,0,
24,5,1495.1,0,
25,5,1643.21,0,
26,5,1798.43,0,
27,5,1960.83,0,
28,5,2130.46,0,
29,5,2307,0,
30,5,2491.5,0,
31,5,2683,0,
32,5,2881.9,0,
33,5,3088.1,0,
34,5,3301.8,0,
35,5,3523.1,0,
36,5,3752,0,
37,5,3988,0,
38,5,4232,0,
39,5,4484,0,
40,5,4744,0,
41,5,5011,0,
42,5,5287,0,
43,5,5570,0,
44,5,5862,0,
45,5,6161,0,
46,5,6469,0,
47,5,6784,0,
48,5,7109,0,
49,5,7442,0,
50,5,7790,0,
51,5,8140,0,
52,5,8499,0,
53,5,8867,0,
54,5,9243,0,
55,5,9629,0,
56,5,10023,0,
57,5,10426,0,
58,5,10840,0,
59,5,11262,0,
60,5,11694,0,
61,5,12136,0,
62,5,12588,0,
63,5,13050,0,
64,5,13521,0,
65,5,14003,0,
66,5,14495,0,
67,5,14998,0,
68,5,15511,0,
69,5,16036,0,
70,5,16570,0,
71,5,17120,0,
72,5,17680,0,
73,5,18250,0,
74,5,18872,0,
75,5,19420,0,
76,5,20030,0,
77,5,20650,0,
78,5,21280,0,
79,5,21920,0,
80,5,22580,0,
81,5,23260,0,
82,5,23940,0,
83,5,24640,0,
84,5,25360,0,
85,5,26080,0,
86,5,26830,0,
87,5,27590,0,
88,5,28370,0,
89,5,29160,0,
90,5,29970,0,
91,5,30800,0,
92,5,31640,0,
93,5,32500,0,
94,5,33400,0,
95,5,34300,0,
96,5,35200,0,
97,5,36200,0,
98,5,37100,0,
99,5,38100,0,
100,5,39100,0,
101,5,40100,0,
102,5,41200,0,
103,5,42300,0,
104,5,43400,0,
105,5,44500,0,
106,5,45700,0,
107,5,46900,0,
108,5,48100,0,
109,5,49400,0,
110,5,50700,0,
6,6,11.260296,1,1s2.2s2.2p2
7,6,29.60125,0,
8,6,54.93554,0,
9,6,87.175,0,
10,6,126.247,0,
11,6,172.228,0,
12,6,225.015,0,
13,6,284.638,0,
14,6,351.1,0,
15,6,424.4,0,
16,6,504.55,0,
17,6,591.58,0,
18,6,685.47,0,
19,6,786.26,0,
20,6,893.98,0,
21,6,1008.62,0,
22,6,1130.2,0,
23,6,1258.86,0,
24,6,1394.5,0,
25,6,1537.22,0,
26,6,1687,0,
27,6,1844,0,
28,6,2008.1,0,
29,6,2179.4,0,
30,6,2358,0,
31,6,2543.9,0,
32,6,2737.2,0,
33,6,2938,0,
34,6,3146,0,
35,6,3361,0,
36,6,3584,0,
37,6,3815,0,
38,6,4053,0,
39,6,4299,0,
40,6,4553,0,
41,6,4815,0,
42,6,5084,0,
43,6,5361,0,
44,6,5647,0,
45,6,5940,0,
46,6,6242,0,
47,6,6551,0,
48,6,6870,0,
49,6,7196,0,
50,6,7531,0,
51,6,7887,0,
52,6,8240,0,
53,6,8601,0,
54,6,8971,0,
55,6,9350,0,
56,6,9739,0,
57,6,10136,0,
58,6,10542,0,
59,6,10959,0,
60,6,11384,0,
61,6,11819,0,
62,6,12264,0,
63,6,12718,0,
64,6,13183,0,
65,6,13658,0,
66,6,14144,0,
67,6,14639,0,
68,6,15146,0,
69,6,15663,0,
70,6,16191,0,
71,6,16730,0,
72,6,17280,0,
73,6,17840,0,
74,6,18476,0,
75,6,19000,0,
76,6,19600,0,
77,6,20210,0,
78,6,20840,0,
79,6,21470,0,
80,6,22120,0,
81,6,22780,0,
82,6,23460,0,
83,6,24150,0,
84,6,24860,0,
85,6,25580,0,
86,6,26310,0,
87,6,27060,0,
88,6,27830,0,
89,6,28610,0,
90,6,29410,0,
91,6,30230,0,
92,6,31060,0,
93,6,31910,0,
94,6,32800,0,
95,6,33700,0,
96,6,34600,0,
97,6,35500,0,
98,6,36500,0,
99,6,37400,0,
100,6,38400,0,
101,6,39500,0,
102,6,40500,0,
103,6,41600,0,
104,6,42700,0,
105,6,43800,0,
106,6,44900,0,
107,6,46100,0,
108,6,47300,0,
109,6,48500,0,
110,6,49800,0,
7,7,14.53413,1,1s2.2s2.2p3
8,7,35.12111,0,
9,7,62.708,0,
10,7,97.19,0,
11,7,138.4,0,
12,7,186.76,0,
13,7,241.76,0,
14,7,303.66,0,
15,7,372.31,0,
16,7,447.74,0,
17,7,529.97,0,
18,7,618.95,0,
19,7,714.71,0,
20,7,817.22,0,
21,7,926.48,0,
22,7,1042.48,0,
23,7,1165.2,0,
24,7,1294.8,0,
25,7,1430.9,0,
26,7,1575.6,0,
27,7,1724,0,
28,7,1880,0,
29,7,2044,0,
30,7,2214,0,
31,7,2391,0,
32,7,2575,0,
33,7,2766,0,
34,7,2964,0,
35,7,3169,0,
36,7,3380,0,
37,7,3600,0,
38,7,3830,0,
39,7,4060,0,
40,7,4300,0,
41,7,4540,0,
42,7,4800,0,
43,7,5060,0,
44,7,5330,0,
45,7,5600,0,
46,7,5880,0,
47,7,6170,0,
48,7,6460,0,
49,7,6770,0,
50,7,7080,0,
51,7,7390,0,
52,7,7714,0,
53,7,8044,0,
54,7,8382,0,
55,7,8726,0,
56,7,9077,0,
57,7,9437,0,
58,7,9803,0,
59,7,10175,0,
60,7,10555,0,
61,7,10942,0,
62,7,11337,0,
63,7,11739,0,
64,7,12147,0,
65,7,12563,0,
66,7,12986,0,
67,7,13417,0,
68,7,13855,0,
69,7,14300,0,
70,7,14752,0,
71,7,15211,0,
72,7,15680,0,
73,7,16150,0,
74,7,16588,0,
75,7,17120,0,
76,7,17620,0,
77,7,18120,0,
78,7,18630,0,
79,7,19150,0,
80,7,19680,0,
81,7,20210,0,
82,7,20750,0,
83,7,21300,0,
84,7,21860,0,
85,7,22420,0,
86,7,23000,0,
87,7,23570,0,
88,7,24160,0,
89,7,24760,0,
90,7,25360,0,
91,7,25970,0,
92,7,26590,0,
93,7,27210,0,
94,7,27840,0,
95,7,28500,0,
96,7,29100,0,
97,7,29800,0,
98,7,30500,0,
99,7,31100,0,
100,7,31800,0,
101,7,32500,0,
102,7,33200,0,
103,7,33900,0,
104,7,34600,0,
105,7,35300,0,
106,7,36100,0,
107,7,36800,0,
108,7,37500,0,
109,7,38300,0,
110,7,39100,0,
8,8,13.618054,1,1s2.2s2.2p4
9,8,34.97081,0,
10,8,63.42331,0,
11,8,98.936,0,
12,8,141.335,0,
13,8,190.49,0,
14,8,246.32,0,
15,8,309.6,0,
16,8,379.84,0,
17,8,456.68,0,
18,8,540.43,0,
19,8,631,0,
20,8,728.6,0,
21,8,833,0,
22,8,944.5,0,
23,8,1062.9,0,
24,8,1188,0,
25,8,1320.3,0,
26,8,1460,0,
27,8,1606,0,
28,8,1758,0,
29,8,1918,0,
30,8,2085,0,
31,8,2258,0,
32,8,2439,0,
33,8,2626,0,
34,8,2820,0,
35,8,3020,0,
36,8,3228,0,
37,8,3442,0,
38,8,3664,0,
39,8,3892,0,
40,8,4127,0,
41,8,4369,0,
42,8,4618,0,
43,8,4874,0,
44,8,5136,0,
45,8,5406,0,
46,8,5683,0,
47,8,5966,0,
48,8,6257,0,
49,8,6554,0,
50,8,6859,0,
51,8,7167,0,
52,8,7485,0,
53,8,7800,0,
54,8,8144,0,
55,8,8484,0,
56,8,8831,0,
57,8,9184,0,
58,8,9545,0,
59,8,9913,0,
60,8,10288,0,
61,8,10671,0,
62,8,11060,0,
63,8,11457,0,
64,8,11861,0,
65,8,12272,0,
66,8,12690,0,
67,8,13116,0,
68,8,13548,0,
69,8,13988,0,
70,8,14435,0,
71,8,14890,0,
72,8,15351,0,
73,8,15820,0,
74,8,16252,0,
75,8,16780,0,
76,8,17270,0,
77,8,17770,0,
78,8,18280,0,
79,8,18790,0,
80,8,19310,0,
81,8,19840,0,
82,8,20380,0,
83,8,20920,0,
84,8,21470,0,
85,8,22030,0,
86,8,22600,0,
87,8,23170,0,
88,8,23750,0,
89,8,24340,0,
90,8,24940,0,
91,8,25540,0,
92,8,26150,0,
93,8,26770,0,
94,8,27400,0,
95,8,28040,0,
96,8,28700,0,
97,8,29300,0,
98,8,30000,0,
99,8,30700,0,
100,8,31300,0,
101,8,32000,0,
102,8,32700,0,
103,8,33400,0,
104,8,34100,0,
105,8,34800,0,
106,8,35600,0,
107,8,36300,0,
108,8,37000,0,
109,8,37800,0,
110,8,38500,0,
9,9,17.42282,1,1s2.2s2.2p5
10,9,40.96296,0,
11,9,71.62,0,
12,9,109.2654,0,
13,9,153.8252,0,
14,9,205.267,0,
15,9,263.57,0,
16,9,328.79,0,
17,9,400.851,0,
18,9,479.76,0,
19,9,565.6,0,
20,9,658.24,0,
21,9,757.7,0,
22,9,864,0,
23,9,977.2,0,
24,9,1097.2,0,
25,9,1224.1,0,
26,9,1357.8,0,
27,9,1504.5,0,
28,9,1646,0,
29,9,1800,0,
30,9,1961,0,
31,9,2129,0,
32,9,2304,0,
33,9,2486,0,
34,9,2674,0,
35,9,2870,0,
36,9,3072,0,
37,9,3281,0,
38,9,3497,0,
39,9,3720,0,
40,9,3950,0,
41,9,4187,0,
42,9,4430,0,
43,9,4681,0,
44,9,4939,0,
45,9,5203,0,
46,9,5475,0,
47,9,5753,0,
48,9,6039,0,
49,9,6331,0,
50,9,6631,0,
51,9,6929,0,
52,9,7243,0,
53,9,7600,0,
54,9,7889,0,
55,9,8224,0,
56,9,8565,0,
57,9,8914,0,
58,9,9269,0,
59,9,9632,0,
60,9,10002,0,
61,9,10378,0,
62,9,10762,0,
63,9,11153,0,
64,9,11552,0,
65,9,11957,0,
66,9,12370,0,
67,9,12790,0,
68,9,13217,0,
69,9,13651,0,
70,9,14093,0,
71,9,14542,0,
72,9,14999,0,
73,9,15461,0,
74,9,15896,0,
75,9,16410,0,
76,9,16900,0,
77,9,17390,0,
78,9,17890,0,
79,9,18400,0,
80,9,18910,0,
81,9,19440,0,
82,9,19970,0,
83,9,20500,0,
84,9,21050,0,
85,9,21600,0,
86,9,22160,0,
87,9,22730,0,
88,9,23300,0,
89,9,23890,0,
90,9,24480,0,
91,9,25080,0,
92,9,25680,0,
93,9,26300,0,
94,9,26920,0,
95,9,27550,0,
96,9,28180,0,
97,9,28800,0,
98,9,29500,0,
99,9,30100,0,
100,9,30800,0,
101,9,31500,0,
102,9,32200,0,
103,9,32900,0,
104,9,33600,0,
105,9,34300,0,
106,9,35000,0,
107,9,35700,0,
108,9,36400,0,
109,9,37200,0,
110,9,37900,0,
10,10,21.56454,1,1s2.2s2.2p6
11,10,47.28636,0,
12,10,80.1436,0,
13,10,119.9924,0,
14,10,166.767,0,
15,10,220.4304,0,
16,10,280.954,0,
17,10,348.306,0,
18,10,422.598,0,
19,10,503.67,0,
20,10,591.6,0,
21,10,687.36,0,
22,10,787.7,0,
23,10,896,0,
24,10,1011.62,0,
25,10,1133.72,0,
26,10,1262.7,0,
27,10,1397.2,0,
28,10,1541.05,0,
29,10,1690.5,0,
30,10,1846.8,0,
31,10,2010,0,
32,10,2180.1,0,
33,10,2357,0,
34,10,2540.7,0,
35,10,2731,0,
36,10,2928.9,0,
37,10,3133.3,0,
38,10,3344.7,0,
39,10,3562.9,0,
40,10,3788,0,
41,10,4020.1,0,
42,10,4259,0,
43,10,4505,0,
44,10,4758,0,
45,10,5018,0,
46,10,5284,0,
47,10,5558,0,
48,10,5839,0,
49,10,6126,0,
50,10,6421,0,
51,10,6714,0,
52,10,7022,0,
53,10,7337,0,
54,10,7660,0,
55,10,7989,0,
56,10,8326,0,
57,10,8669,0,
58,10,9020,0,
59,10,9378,0,
60,10,9742,0,
61,10,10115,0,
62,10,10494,0,
63,10,10880,0,
64,10,11273,0,
65,10,11673,0,
66,10,12081,0,
67,10,12495,0,
68,10,12918,0,
69,10,13347,0,
70,10,13784,0,
71,10,14228,0,
72,10,14678,0,
73,10,15137,0,
74,10,15566,0,
75,10,16080,0,
76,10,16560,0,
77,10,17040,0,
78,10,17540,0,
79,10,18040,0,
80,10,18550,0,
81,10,19070,0,
82,10,19590,0,
83,10,20130,0,
84,10,20670,0,
85,10,21210,0,
86,10,21770,0,
87,10,22330,0,
88,10,22900,0,
89,10,23480,0,
90,10,24060,0,
91,10,24660,0,
92,10,25260,0,
93,10,25870,0,
94,10,26480,0,
95,10,27110,0,
96,10,27740,0,
97,10,28380,0,
98,10,29000,0,
99,10,29700,0,
100,10,30300,0,
101,10,31000,0,
102,10,31700,0,
103,10,32400,0,
104,10,33100,0,
105,10,33800,0,
106,10,34500,0,
107,10,35200,0,
108,10,35900,0,
109,10,36700,0,
110,10,37400,0,
11,11,5.1390767,1,[Ne].3s
12,11,15.035267,0,
13,11,28.44764,0,
14,11,45.14179,0,
15,11,65.02511,0,
16,11,88.05292,0,
17,11,114.2013,0,
18,11,143.4567,0,
19,11,175.8174,0,
20,11,211.2751,0,
21,11,249.798,0,
22,11,291.5004,0,
23,11,336.274,0,
24,11,384.163,0,
25,11,435.17,0,
26,11,489.312,0,
27,11,546.588,0,
28,11,607.02,0,
29,11,670.608,0,
30,11,737.366,0,
31,11,807.308,0,
32,11,880.444,0,
33,11,956.791,0,
34,11,1036.362,0,
35,11,1119.169,0,
36,11,1205.233,0,
37,11,1294.567,0,
38,11,1387.19,0,
39,11,1483.118,0,
40,11,1582.371,0,
41,11,1684.969,0,
42,11,1790.932,0,
43,11,1900.28,0,
44,11,2013.037,0,
45,11,2129.224,0,
46,11,2248.867,0,
47,11,2371.989,0,
48,11,2498.615,0,
49,11,2628.774,0,
50,11,2762.5,0,
51,11,2900,0,
52,11,3041,0,
53,11,3185.5,0,
54,11,3333.8,0,
55,11,3485,0,
56,11,3640,0,
57,11,3800,0,
58,11,3963,0,
59,11,4130,0,
60,11,4302,0,
61,11,4476,0,
62,11,4655,0,
63,11,4838,0,
64,11,5025,0,
65,11,5217,0,
66,11,5412,0,
67,11,5611,0,
68,11,5815,0,
69,11,6023,0,
70,11,6236,0,
71,11,6452,0,
72,11,6674,0,
73,11,6900,0,
74,11,7130,0,
75,11,7366,0,
76,11,7610,0,
77,11,7850,0,
78,11,8100,0,
79,11,8360,0,
80,11,8620,0,
81,11,8880,0,
82,11,9150,0,
83,11,9430,0,
84,11,9710,0,
85,11,9990,0,
86,11,10290,0,
87,11,10580,0,
88,11,10890,0,
89,11,11200,0,
90,11,11510,0,
91,11,11840,0,
92,11,12160,0,
93,11,12500,0,
94,11,12840,0,
95,11,13190,0,
96,11,13550,0,
97,11,13910,0,
98,11,14280,0,
99,11,14700,0,
100,11,15000,0,
101,11,15400,0,
102,11,15800,0,
103,11,16200,0,
104,11,16700,0,
105,11,17100,0,
106,11,17500,0,
107,11,18000,0,
108,11,18400,0,
109,11,18900,0,
110,11,19400,0,
12,12,7.646235,1,[Ne].3s2
13,12,18.82855,0,
14,12,33.493,0,
15,12,51.44387,0,
16,12,72.59449,0,
17,12,96.94,0,
18,12,124.412,0,
19,12,154.87,0,
20,12,188.535,0,
21,12,225.18,0,
22,12,265.07,0,
23,12,308.5,0,
24,12,354.66,0,
25,12,403,0,
26,12,456.2,0,
27,12,511.96,0,
28,12,571.1,0,
29,12,632.48,0,
30,12,697.51,0,
31,12,765.7,0,
32,12,837.1,0,
33,12,911.7,0,
34,12,989.6,0,
35,12,1070.6,0,
36,12,1155,0,
37,12,1242.5,0,
38,12,1333.4,0,
39,12,1427.6,0,
40,12,1525.1,0,
41,12,1625.9,0,
42,12,1730.1,0,
43,12,1838,0,
44,12,1949,0,
45,12,2063,0,
46,12,2181,0,
47,12,2302,0,
48,12,2427,0,
49,12,2555,0,
50,12,2687,0,
51,12,2815,0,
52,12,2954,0,
53,12,3096,0,
54,12,3243,0,
55,12,3392,0,
56,12,3550,0,
57,12,3704,0,
58,12,3865,0,
59,12,4030,0,
60,12,4198,0,
61,12,4371,0,
62,12,4548,0,
63,12,4729,0,
64,12,4914,0,
65,12,5103,0,
66,12,5296,0,
67,12,5494,0,
68,12,5695,0,
69,12,5901,0,
70,12,6111,0,
71,12,6326,0,
72,12,6545,0,
73,12,6769,0,
74,12,7000,0,
75,12,7230,0,
76,12,7468,0,
77,12,7710,0,
78,12,7960,0,
79,12,8210,0,
80,12,8470,0,
81,12,8730,0,
82,12,9000,0,
83,12,9270,0,
84,12,9550,0,
85,12,9830,0,
86,12,10120,0,
87,12,10420,0,
88,12,10720,0,
89,12,11030,0,
90,12,11340,0,
91,12,11660,0,
92,12,11990,0,
93,12,12320,0,
94,12,12660,0,
95,12,13000,0,
96,12,13360,0,
97,12,13720,0,
98,12,14080,0,
99,12,14460,0,
100,12,14800,0,
101,12,15200,0,
102,12,15600,0,
103,12,16000,0,
104,12,16400,0,
105,12,16900,0,
106,12,17300,0,
107,12,17700,0,
108,12,18200,0,
109,12,18700,0,
110,12,19100,0,
13,13,5.9857684,1,[Ne].3s2.3p
14,13,16.345845,0,
15,13,30.20264,0,
16,13,47.222,0,
17,13,67.68,0,
18,13,91.29,0,
19,13,117.56,0,
20,13,147.24,0,
21,13,180,0,
22,13,215.92,0,
23,13,254.8,0,
24,13,296.74,0,
25,13,343.6,0,
26,13,392.2,0,
27,13,441.1,0,
28,13,495.4,0,
29,13,552.8,0,
30,13,613.3,0,
31,13,677,0,
32,13,744,0,
33,13,814,0,
34,13,887,0,
35,13,963,0,
36,13,1042,0,
37,13,1125,0,
38,13,1211,0,
39,13,1300,0,
40,13,1392,0,
41,13,1500,0,
42,13,1587,0,
43,13,1689,0,
44,13,1794,0,
45,13,1903,0,
46,13,2016,0,
47,13,2131,0,
48,13,2250,0,
49,13,2373,0,
50,13,2499,0,
51,13,2654,0,
52,13,2788,0,
53,13,2930,0,
54,13,3068,0,
55,13,3214,0,
56,13,3363,0,
57,13,3515,0,
58,13,3672,0,
59,13,3832,0,
60,13,3997,0,
61,13,4166,0,
62,13,4337,0,
63,13,4510,0,
64,13,4693,0,
65,13,4877,0,
66,13,5066,0,
67,13,5258,0,
68,13,5455,0,
69,13,5656,0,
70,13,5860,0,
71,13,6070,0,
72,13,6284,0,
73,13,6502,0,
74,13,6735,0,
75,13,6952,0,
76,13,7185,0,
77,13,7421,0,
78,13,7660,0,
79,13,7910,0,
80,13,8160,0,
81,13,8420,0,
82,13,8680,0,
83,13,8950,0,
84,13,9220,0,
85,13,9500,0,
86,13,9780,0,
87,13,10070,0,
88,13,10360,0,
89,13,10660,0,
90,13,10970,0,
91,13,11280,0,
92,13,11600,0,
93,13,11930,0,
94,13,12260,0,
95,13,12600,0,
96,13,12950,0,
97,13,13300,0,
98,13,13660,0,
99,13,14030,0,
100,13,14400,0,
101,13,14800,0,
102,13,15200,0,
103,13,15600,0,
104,13,16000,0,
105,13,16400,0,
106,13,16800,0,
107,13,17300,0,
108,13,17700,0,
109,13,18200,0,
110,13,18600,0,
14,14,8.151683,1,[Ne].3s2.3p2
15,14,19.76949,0,
16,14,34.856,0,
17,14,53.24,0,
18,14,74.84,0,
19,14,99.4,0,
20,14,127.2,0,
21,14,158.1,0,
22,14,192.1,0,
23,14,230.5,0,
24,14,270.8,0,
25,14,314.4,0,
26,14,361,0,
27,14,410,0,
28,14,462.8,0,
29,14,518.7,0,
30,14,577.8,0,
31,14,640,0,
32,14,710,0,
33,14,774,0,
34,14,845.8,0,
35,14,920.8,0,
36,14,999,0,
37,14,1080,0,
38,14,1165,0,
39,14,1253,0,
40,14,1344,0,
41,14,1439,0,
42,14,1537,0,
43,14,1638,0,
44,14,1743,0,
45,14,1851,0,
46,14,1962,0,
47,14,2077,0,
48,14,2195,0,
49,14,2317,0,
50,14,2443,0,
51,14,2567,0,
52,14,2700,0,
53,14,2836,0,
54,14,2975,0,
55,14,3118,0,
56,14,3266,0,
57,14,3416,0,
58,14,3570,0,
59,14,3729,0,
60,14,3891,0,
61,14,4056,0,
62,14,4227,0,
63,14,4400,0,
64,14,4578,0,
65,14,4760,0,
66,14,4945,0,
67,14,5135,0,
68,14,5329,0,
69,14,5527,0,
70,14,5731,0,
71,14,5937,0,
72,14,6149,0,
73,14,6364,0,
74,14,6600,0,
75,14,6810,0,
76,14,7039,0,
77,14,7274,0,
78,14,7512,0,
79,14,7760,0,
80,14,8000,0,
81,14,8260,0,
82,14,8520,0,
83,14,8780,0,
84,14,9050,0,
85,14,9330,0,
86,14,9610,0,
87,14,9890,0,
88,14,10190,0,
89,14,10480,0,
90,14,10790,0,
91,14,11100,0,
92,14,11410,0,
93,14,11740,0,
94,14,12060,0,
95,14,12400,0,
96,14,12740,0,
97,14,13090,0,
98,14,13450,0,
99,14,13810,0,
100,14,14180,0,
101,14,14560,0,
102,14,15000,0,
103,14,15300,0,
104,14,15800,0,
105,14,16200,0,
106,14,16600,0,
107,14,17000,0,
108,14,17500,0,
109,14,17900,0,
110,14,18400,0,
15,15,10.486686,1,[Ne].3s2.3p3
16,15,23.33788,0,
17,15,39.8,0,
18,15,59.58,0,
19,15,82.66,0,
20,15,108.78,0,
21,15,138,0,
22,15,170.47,0,
23,15,205.96,0,
24,15,244.52,0,
25,15,286.14,0,
26,15,330.81,0,
27,15,378.55,0,
28,15,429.32,0,
29,15,483.13,0,
30,15,540,0,
31,15,599.8,0,
32,15,662.8,0,
33,15,728.9,0,
34,15,798,0,
35,15,870,0,
36,15,945,0,
37,15,1024,0,
38,15,1105,0,
39,15,1190,0,
40,15,1277,0,
41,15,1368,0,
42,15,1462,0,
43,15,1559,0,
44,15,1659,0,
45,15,1763,0,
46,15,1869,0,
47,15,1979,0,
48,15,2091,0,
49,15,2207,0,
50,15,2326,0,
51,15,2428,0,
52,15,2552,0,
53,15,2680,0,
54,15,2811,0,
55,15,2945,0,
56,15,3081,0,
57,15,3222,0,
58,15,3366,0,
59,15,3512,0,
60,15,3662,0,
61,15,3816,0,
62,15,3971,0,
63,15,4131,0,
64,15,4294,0,
65,15,4460,0,
66,15,4629,0,
67,15,4802,0,
68,15,4978,0,
69,15,5157,0,
70,15,5339,0,
71,15,5525,0,
72,15,5713,0,
73,15,5907,0,
74,15,6093,0,
75,15,6300,0,
76,15,6503,0,
77,15,6708,0,
78,15,6918,0,
79,15,7130,0,
80,15,7350,0,
81,15,7560,0,
82,15,7790,0,
83,15,8010,0,
84,15,8240,0,
85,15,8480,0,
86,15,8710,0,
87,15,8950,0,
88,15,9200,0,
89,15,9440,0,
90,15,9690,0,
91,15,9950,0,
92,15,10200,0,
93,15,10460,0,
94,15,10730,0,
95,15,11000,0,
96,15,11270,0,
97,15,11540,0,
98,15,11820,0,
99,15,12110,0,
100,15,12390,0,
101,15,12680,0,
102,15,12980,0,
103,15,13300,0,
104,15,13600,0,
105,15,13900,0,
106,15,14200,0,
107,15,14500,0,
108,15,14800,0,
109,15,15100,0,
110,15,15500,0,
16,16,10.36001,1,[Ne].3s2.3p4
17,16,23.81364,0,
18,16,40.735,0,
19,16,60.917,0,
20,16,84.338,0,
21,16,110.68,0,
22,16,140.68,0,
23,16,173.55,0,
24,16,209.54,0,
25,16,248.64,0,
26,16,290.9,0,
27,16,336.15,0,
28,16,384.55,0,
29,16,436.04,0,
30,16,490.63,0,
31,16,548.31,0,
32,16,609.06,0,
33,16,672.9,0,
34,16,739.8,0,
35,16,809.8,0,
36,16,882.8,0,
37,16,958.9,0,
38,16,1038,0,
39,16,1120.2,0,
40,16,1205.4,0,
41,16,1293.7,0,
42,16,1385.1,0,
43,16,1479.5,0,
44,16,1577,0,
45,16,1677.6,0,
46,16,1781.3,0,
47,16,1888,0,
48,16,1997.9,0,
49,16,2111,0,
50,16,2227,0,
51,16,2349,0,
52,16,2472,0,
53,16,2598,0,
54,16,2726,0,
55,16,2859,0,
56,16,2994,0,
57,16,3133,0,
58,16,3274,0,
59,16,3419,0,
60,16,3567,0,
61,16,3718,0,
62,16,3873,0,
63,16,4031,0,
64,16,4191,0,
65,16,4355,0,
66,16,4523,0,
67,16,4693,0,
68,16,4866,0,
69,16,5044,0,
70,16,5224,0,
71,16,5408,0,
72,16,5595,0,
73,16,5785,0,
74,16,5970,0,
75,16,6176,0,
76,16,6376,0,
77,16,6580,0,
78,16,6787,0,
79,16,6997,0,
80,16,7211,0,
81,16,7430,0,
82,16,7650,0,
83,16,7870,0,
84,16,8100,0,
85,16,8330,0,
86,16,8570,0,
87,16,8800,0,
88,16,9040,0,
89,16,9290,0,
90,16,9540,0,
91,16,9790,0,
92,16,10040,0,
93,16,10300,0,
94,16,10570,0,
95,16,10830,0,
96,16,11100,0,
97,16,11380,0,
98,16,11650,0,
99,16,11930,0,
100,16,12220,0,
101,16,12500,0,
102,16,12800,0,
103,16,13090,0,
104,16,13400,0,
105,16,13700,0,
106,16,14000,0,
107,16,14300,0,
108,16,14600,0,
109,16,14900,0,
110,16,15300,0,
17,17,12.96763,1,[Ne].3s2.3p5
18,17,27.62967,0,
19,17,45.8031,0,
20,17,67.2732,0,
21,17,91.949,0,
22,17,119.53,0,
23,17,150.72,0,
24,17,184.76,0,
25,17,221.89,0,
26,17,262.1,0,
27,17,305.32,0,
28,17,351.63,0,
29,17,400.98,0,
30,17,453.37,0,
31,17,508.82,0,
32,17,567.29,0,
33,17,628.82,0,
34,17,693.38,0,
35,17,760.99,0,
36,17,831.64,0,
37,17,905.3,0,
38,17,982.1,0,
39,17,1061.9,0,
40,17,1144.7,0,
41,17,1230.6,0,
42,17,1319.6,0,
43,17,1411.6,0,
44,17,1506.7,0,
45,17,1604.9,0,
46,17,1706.2,0,
47,17,1810.5,0,
48,17,1917.9,0,
49,17,2028.5,0,
50,17,2142.1,0,
51,17,2266,0,
52,17,2386,0,
53,17,2510,0,
54,17,2637,0,
55,17,2767,0,
56,17,2901,0,
57,17,3036,0,
58,17,3176,0,
59,17,3319,0,
60,17,3465,0,
61,17,3613,0,
62,17,3766,0,
63,17,3921,0,
64,17,4080,0,
65,17,4242,0,
66,17,4407,0,
67,17,4576,0,
68,17,4748,0,
69,17,4922,0,
70,17,5101,0,
71,17,5282,0,
72,17,5468,0,
73,17,5655,0,
74,17,5840,0,
75,17,6042,0,
76,17,6240,0,
77,17,6441,0,
78,17,6646,0,
79,17,6854,0,
80,17,7066,0,
81,17,7281,0,
82,17,7500,0,
83,17,7720,0,
84,17,7940,0,
85,17,8180,0,
86,17,8410,0,
87,17,8640,0,
88,17,8880,0,
89,17,9120,0,
90,17,9370,0,
91,17,9620,0,
92,17,9870,0,
93,17,10130,0,
94,17,10390,0,
95,17,10650,0,
96,17,10920,0,
97,17,11190,0,
98,17,11470,0,
99,17,11740,0,
100,17,12020,0,
101,17,12310,0,
102,17,12600,0,
103,17,12890,0,
104,17,13190,0,
105,17,13500,0,
106,17,13800,0,
107,17,14100,0,
108,17,14400,0,
109,17,14700,0,
110,17,15000,0,
18,18,15.7596112,1,[Ne].3s2.3p6
19,18,31.625,0,
20,18,50.91315,0,
21,18,73.4894,0,
22,18,99.3,0,
23,18,128.13,0,
24,18,160.29,0,
25,18,195.47,0,
26,18,233.6,0,
27,18,275.4,0,
28,18,319.53,0,
29,18,367.03,0,
30,18,417.6,0,
31,18,471.2,0,
32,18,527.9,0,
33,18,587.6,0,
34,18,650.5,0,
35,18,716.3,0,
36,18,785,0,
37,18,857,0,
38,18,932,0,
39,18,1010,0,
40,18,1092,0,
41,18,1176,0,
42,18,1263,0,
43,18,1354,0,
44,18,1447,0,
45,18,1544,0,
46,18,1644,0,
47,18,1747,0,
48,18,1852,0,
49,18,1961,0,
50,18,2074,0,
51,18,2190,0,
52,18,2309,0,
53,18,2431,0,
54,18,2556,0,
55,18,2683,0,
56,18,2814,0,
57,18,2950,0,
58,18,3087,0,
59,18,3227,0,
60,18,3371,0,
61,18,3519,0,
62,18,3669,0,
63,18,3823,0,
64,18,3980,0,
65,18,4139,0,
66,18,4303,0,
67,18,4469,0,
68,18,4639,0,
69,18,4812,0,
70,18,4988,0,
71,18,5168,0,
72,18,5350,0,
73,18,5537,0,
74,18,5719,0,
75,18,5919,0,
76,18,6115,0,
77,18,6315,0,
78,18,6517,0,
79,18,6724,0,
80,18,6933,0,
81,18,7146,0,
82,18,7362,0,
83,18,7580,0,
84,18,7810,0,
85,18,8030,0,
86,18,8260,0,
87,18,8500,0,
88,18,8730,0,
89,18,8970,0,
90,18,9220,0,
91,18,9460,0,
92,18,9720,0,
93,18,9970,0,
94,18,10230,0,
95,18,10490,0,
96,18,10760,0,
97,18,11020,0,
98,18,11300,0,
99,18,11570,0,
100,18,11850,0,
101,18,12140,0,
102,18,12420,0,
103,18,12710,0,
104,18,13010,0,
105,18,13300,0,
106,18,13600,0,
107,18,13900,0,
108,18,14200,0,
109,18,14500,0,
110,18,14800,0,
19,19,4.34066354,1,[Ar].4s
20,19,11.871718,0,
21,19,24.756838,1,[Ar].3d
22,19,43.26717,0,
23,19,65.28165,0,
24,19,90.635,0,
25,19,119.203,0,
26,19,151.06,0,
27,19,186.14,0,
28,19,224.7,0,
29,19,265,0,
30,19,310.8,0,
31,19,356,0,
32,19,407,0,
33,19,460,0,
34,19,517,0,
35,19,577,0,
36,19,640,0,
37,19,706,0,
38,19,774,0,
39,19,847,0,
40,19,922,0,
41,19,1000,0,
42,19,1082,0,
43,19,1166,0,
44,19,1253,0,
45,19,1344,0,
46,19,1438,0,
47,19,1535,0,
48,19,1635,0,
49,19,1738,0,
50,19,1844,0,
51,19,1954,0,
52,19,2066,0,
53,19,2181,0,
54,19,2300,0,
55,19,2422,0,
56,19,2547,0,
57,19,2674,0,
58,19,2806,0,
59,19,2941,0,
60,19,3078,0,
61,19,3219,0,
62,19,3363,0,
63,19,3510,0,
64,19,3660,0,
65,19,3814,0,
66,19,3970,0,
67,19,4131,0,
68,19,4294,0,
69,19,4461,0,
70,19,4630,0,
71,19,4803,0,
72,19,4980,0,
73,19,5159,0,
74,19,5348,0,
75,19,5528,0,
76,19,5717,0,
77,19,5910,0,
78,19,6106,0,
79,19,6305,0,
80,19,6508,0,
81,19,6714,0,
82,19,6924,0,
83,19,7137,0,
84,19,7350,0,
85,19,7570,0,
86,19,7800,0,
87,19,8020,0,
88,19,8250,0,
89,19,8480,0,
90,19,8720,0,
91,19,8960,0,
92,19,9210,0,
93,19,9450,0,
94,19,9700,0,
95,19,9960,0,
96,19,10220,0,
97,19,10480,0,
98,19,10740,0,
99,19,11010,0,
100,19,11280,0,
101,19,11560,0,
102,19,11840,0,
103,19,12120,0,
104,19,12410,0,
105,19,12700,0,
106,19,12990,0,
107,19,13300,0,
108,19,13600,0,
109,19,13900,0,
110,19,14200,0,
20,20,6.1131552,1,[Ar].4s2
21,20,12.79977,1,[Ar].3d.4s
22,20,27.49171,1,[Ar].3d2
23,20,46.709,0,
24,20,69.46,0,
25,20,95.6,0,
26,20,125,0,
27,20,157.8,0,
28,20,193.2,0,
29,20,232.2,0,
30,20,274.4,0,
31,20,319,0,
32,20,367,0,
33,20,418,0,
34,20,473,0,
35,20,530,0,
36,20,591,0,
37,20,654,0,
38,20,722,0,
39,20,790,0,
40,20,863,0,
41,20,940,0,
42,20,1019,0,
43,20,1102,0,
44,20,1187,0,
45,20,1274,0,
46,20,1366,0,
47,20,1460,0,
48,20,1558,0,
49,20,1659,0,
50,20,1763,0,
51,20,1869,0,
52,20,1979,0,
53,20,2093,0,
54,20,2209,0,
55,20,2329,0,
56,20,2452,0,
57,20,2577,0,
58,20,2706,0,
59,20,2838,0,
60,20,2974,0,
61,20,3110,0,
62,20,3253,0,
63,20,3398,0,
64,20,3550,0,
65,20,3698,0,
66,20,3852,0,
67,20,4009,0,
68,20,4170,0,
69,20,4335,0,
70,20,4502,0,
71,20,4673,0,
72,20,4846,0,
73,20,5024,0,
74,20,5209,0,
75,20,5388,0,
76,20,5575,0,
77,20,5765,0,
78,20,5959,0,
79,20,6156,0,
80,20,6356,0,
81,20,6560,0,
82,20,6767,0,
83,20,6977,0,
84,20,7191,0,
85,20,7410,0,
86,20,7630,0,
87,20,7850,0,
88,20,8080,0,
89,20,8310,0,
90,20,8550,0,
91,20,8780,0,
92,20,9030,0,
93,20,9270,0,
94,20,9520,0,
95,20,9770,0,
96,20,10020,0,
97,20,10280,0,
98,20,10550,0,
99,20,10810,0,
100,20,11080,0,
101,20,11360,0,
102,20,11630,0,
103,20,11910,0,
104,20,12200,0,
105,20,12480,0,
106,20,12780,0,
107,20,13070,0,
108,20,13400,0,
109,20,13700,0,
110,20,14000,0,
21,21,6.56149,1,[Ar].3d.4s2
22,21,13.5755,1,[Ar].3d2.4s
23,21,29.311,1,[Ar].3d3
24,21,49.16,0,
25,21,72.4,0,
26,21,98.985,0,
27,21,129,0,
28,21,162,0,
29,21,198,0,
30,21,238,0,
31,21,280,0,
32,21,326,0,
33,21,375,0,
34,21,426,0,
35,21,481,0,
36,21,540,0,
37,21,601,0,
38,21,665,0,
39,21,733,0,
40,21,803,0,
41,21,877,0,
42,21,953,0,
43,21,1032,0,
44,21,1115,0,
45,21,1202,0,
46,21,1290,0,
47,21,1382,0,
48,21,1477,0,
49,21,1575,0,
50,21,1676,0,
51,21,1781,0,
52,21,1889,0,
53,21,1999,0,
54,21,2113,0,
55,21,2230,0,
56,21,2349,0,
57,21,2473,0,
58,21,2600,0,
59,21,2729,0,
60,21,2861,0,
61,21,2997,0,
62,21,3137,0,
63,21,3279,0,
64,21,3424,0,
65,21,3573,0,
66,21,3725,0,
67,21,3880,0,
68,21,4038,0,
69,21,4199,0,
70,21,4364,0,
71,21,4532,0,
72,21,4703,0,
73,21,4877,0,
74,21,5063,0,
75,21,5236,0,
76,21,5421,0,
77,21,5609,0,
78,21,5800,0,
79,21,5994,0,
80,21,6192,0,
81,21,6392,0,
82,21,6597,0,
83,21,6804,0,
84,21,7015,0,
85,21,7230,0,
86,21,7450,0,
87,21,7670,0,
88,21,7890,0,
89,21,8120,0,
90,21,8350,0,
91,21,8590,0,
92,21,8830,0,
93,21,9070,0,
94,21,9310,0,
95,21,9560,0,
96,21,9820,0,
97,21,10070,0,
98,21,10330,0,
99,21,10590,0,
100,21,10860,0,
101,21,11130,0,
102,21,11410,0,
103,21,11680,0,
104,21,11960,0,
105,21,12250,0,
106,21,12540,0,
107,21,12830,0,
108,21,13130,0,
109,21,13400,0,
110,21,13700,0,
22,22,6.82812,1,[Ar].3d2.4s2
23,22,14.62,1,[Ar].3d4
24,22,30.96,0,
25,22,51.2,0,
26,22,75,0,
27,22,102,0,
28,22,132,0,
29,22,166,0,
30,22,203,0,
31,22,244,0,
32,22,286,0,
33,22,333,0,
34,22,383,0,
35,22,436,0,
36,22,492,0,
37,22,550,0,
38,22,612,0,
39,22,677,0,
40,22,745,0,
41,22,816,0,
42,22,890,0,
43,22,968,0,
44,22,1048,0,
45,22,1131,0,
46,22,1218,0,
47,22,1308,0,
48,22,1400,0,
49,22,1496,0,
50,22,1596,0,
51,22,1698,0,
52,22,1803,0,
53,22,1911,0,
54,22,2023,0,
55,22,2137,0,
56,22,2256,0,
57,22,2377,0,
58,22,2500,0,
59,22,2628,0,
60,22,2758,0,
61,22,2892,0,
62,22,3028,0,
63,22,3168,0,
64,22,3312,0,
65,22,3458,0,
66,22,3607,0,
67,22,3760,0,
68,22,3916,0,
69,22,4075,0,
70,22,4238,0,
71,22,4403,0,
72,22,4573,0,
73,22,4745,0,
74,22,4927,0,
75,22,5099,0,
76,22,5280,0,
77,22,5466,0,
78,22,5654,0,
79,22,5846,0,
80,22,6041,0,
81,22,6241,0,
82,22,6442,0,
83,22,6648,0,
84,22,6856,0,
85,22,7068,0,
86,22,7283,0,
87,22,7500,0,
88,22,7720,0,
89,22,7950,0,
90,22,8180,0,
91,22,8410,0,
92,22,8650,0,
93,22,8890,0,
94,22,9130,0,
95,22,9380,0,
96,22,9630,0,
97,22,9880,0,
98,22,10140,0,
99,22,10400,0,
100,22,10660,0,
101,22,10930,0,
102,22,11200,0,
103,22,11480,0,
104,22,11750,0,
105,22,12040,0,
106,22,12320,0,
107,22,12610,0,
108,22,12900,0,
109,22,13200,0,
110,22,13500,0,
23,23,6.746187,1,[Ar].3d3.4s2
24,23,16.486305,1,[Ar].3d5
25,23,33.668,0,
26,23,54.91,0,
27,23,79.5,0,
28,23,108,0,
29,23,139,0,
30,23,173.9,0,
31,23,211,0,
32,23,252.1,0,
33,23,296,0,
34,23,342.9,0,
35,23,393,0,
36,23,446,0,
37,23,502,0,
38,23,562,0,
39,23,624,0,
40,23,690,0,
41,23,758,0,
42,23,829,0,
43,23,904,0,
44,23,981,0,
45,23,1061,0,
46,23,1145,0,
47,23,1231,0,
48,23,1320,0,
49,23,1413,0,
50,23,1508,0,
51,23,1606,0,
52,23,1707,0,
53,23,1812,0,
54,23,1919,0,
55,23,2029,0,
56,23,2142,0,
57,23,2259,0,
58,23,2378,0,
59,23,2501,0,
60,23,2627,0,
61,23,2755,0,
62,23,2887,0,
63,23,3022,0,
64,23,3160,0,
65,23,3300,0,
66,23,3445,0,
67,23,3592,0,
68,23,3742,0,
69,23,3895,0,
70,23,4051,0,
71,23,4211,0,
72,23,4372,0,
73,23,4537,0,
74,23,4709,0,
75,23,4877,0,
76,23,5052,0,
77,23,5229,0,
78,23,5410,0,
79,23,5594,0,
80,23,5780,0,
81,23,5969,0,
82,23,6160,0,
83,23,6358,0,
84,23,6557,0,
85,23,6759,0,
86,23,6964,0,
87,23,7172,0,
88,23,7380,0,
89,23,7600,0,
90,23,7820,0,
91,23,8040,0,
92,23,8260,0,
93,23,8480,0,
94,23,8720,0,
95,23,8950,0,
96,23,9180,0,
97,23,9420,0,
98,23,9660,0,
99,23,9910,0,
100,23,10160,0,
101,23,10410,0,
102,23,10660,0,
103,23,10920,0,
104,23,11180,0,
105,23,11440,0,
106,23,11710,0,
107,23,11980,0,
108,23,12250,0,
109,23,12530,0,
110,23,12810,0,
24,24,6.76651,1,[Ar].3d5.4s
25,24,15.63999,0,
26,24,30.651,1,[Ar].3d6
27,24,51.27,0,
28,24,76.06,0,
29,24,103,0,
30,24,134,0,
31,24,170,0,
32,24,212.5,0,
33,24,247,0,
34,24,291,0,
35,24,338,0,
36,24,391,0,
37,24,443,0,
38,24,499,0,
39,24,559,0,
40,24,622,0,
41,24,688,0,
42,24,758,0,
43,24,829,0,
44,24,905,0,
45,24,984,0,
46,24,1065,0,
47,24,1149,0,
48,24,1237,0,
49,24,1328,0,
50,24,1421,0,
51,24,1518,0,
52,24,1618,0,
53,24,1720,0,
54,24,1826,0,
55,24,1936,0,
56,24,2047,0,
57,24,2162,0,
58,24,2280,0,
59,24,2400,0,
60,24,2525,0,
61,24,2652,0,
62,24,2782,0,
63,24,2914,0,
64,24,3050,0,
65,24,3189,0,
66,24,3331,0,
67,24,3476,0,
68,24,3624,0,
69,24,3775,0,
70,24,3929,0,
71,24,4086,0,
72,24,4246,0,
73,24,4410,0,
74,24,4578,0,
75,24,4745,0,
76,24,4917,0,
77,24,5092,0,
78,24,5270,0,
79,24,5452,0,
80,24,5636,0,
81,24,5824,0,
82,24,6015,0,
83,24,6208,0,
84,24,6405,0,
85,24,6604,0,
86,24,6807,0,
87,24,7013,0,
88,24,7222,0,
89,24,7430,0,
90,24,7650,0,
91,24,7870,0,
92,24,8090,0,
93,24,8310,0,
94,24,8540,0,
95,24,8770,0,
96,24,9000,0,
97,24,9240,0,
98,24,9480,0,
99,24,9720,0,
100,24,9970,0,
101,24,10220,0,
102,24,10470,0,
103,24,10720,0,
104,24,10980,0,
105,24,11240,0,
106,24,11510,0,
107,24,11780,0,
108,24,12040,0,
109,24,12320,0,
110,24,12600,0,
25,25,7.434018,1,[Ar].3d5.4s2
26,25,16.1992,1,[Ar].3d6.4s
27,25,33.5,1,[Ar].3d7
28,25,54.9,0,
29,25,79.8,0,
30,25,108,0,
31,25,140.8,0,
32,25,176.4,0,
33,25,213,0,
34,25,255,0,
35,25,301,0,
36,25,350,0,
37,25,400,0,
38,25,454,0,
39,25,512,0,
40,25,573,0,
41,25,636,0,
42,25,702,0,
43,25,773,0,
44,25,845,0,
45,25,921,0,
46,25,1000,0,
47,25,1082,0,
48,25,1167,0,
49,25,1255,0,
50,25,1347,0,
51,25,1441,0,
52,25,1538,0,
53,25,1639,0,
54,25,1742,0,
55,25,1848,0,
56,25,1958,0,
57,25,2069,0,
58,25,2185,0,
59,25,2304,0,
60,25,2425,0,
61,25,2549,0,
62,25,2676,0,
63,25,2807,0,
64,25,2941,0,
65,25,3078,0,
66,25,3217,0,
67,25,3359,0,
68,25,3505,0,
69,25,3653,0,
70,25,3805,0,
71,25,3960,0,
72,25,4118,0,
73,25,4278,0,
74,25,4446,0,
75,25,4609,0,
76,25,4779,0,
77,25,4952,0,
78,25,5128,0,
79,25,5307,0,
80,25,5490,0,
81,25,5674,0,
82,25,5862,0,
83,25,6054,0,
84,25,6248,0,
85,25,6445,0,
86,25,6646,0,
87,25,6849,0,
88,25,7056,0,
89,25,7265,0,
90,25,7480,0,
91,25,7690,0,
92,25,7910,0,
93,25,8130,0,
94,25,8360,0,
95,25,8590,0,
96,25,8820,0,
97,25,9050,0,
98,25,9290,0,
99,25,9530,0,
100,25,9770,0,
101,25,10020,0,
102,25,10270,0,
103,25,10520,0,
104,25,10780,0,
105,25,11040,0,
106,25,11300,0,
107,25,11560,0,
108,25,11830,0,
109,25,12100,0,
110,25,12380,0,
26,26,7.9024678,1,[Ar].3d6.4s2
27,26,17.0844,1,[Ar].3d8
28,26,35.19,0,
29,26,57.38,0,
30,26,82.6,0,
31,26,112.7,0,
32,26,144.9,0,
33,26,180,0,
34,26,219,0,
35,26,261,0,
36,26,308,0,
37,26,356,0,
38,26,408,0,
39,26,463,0,
40,26,520,0,
41,26,581,0,
42,26,646,0,
43,26,713,0,
44,26,784,0,
45,26,857,0,
46,26,933,0,
47,26,1013,0,
48,26,1095,0,
49,26,1181,0,
50,26,1269,0,
51,26,1360,0,
52,26,1455,0,
53,26,1553,0,
54,26,1653,0,
55,26,1757,0,
56,26,1864,0,
57,26,1974,0,
58,26,2087,0,
59,26,2202,0,
60,26,2321,0,
61,26,2443,0,
62,26,2569,0,
63,26,2697,0,
64,26,2827,0,
65,26,2961,0,
66,26,3098,0,
67,26,3238,0,
68,26,3381,0,
69,26,3528,0,
70,26,3677,0,
71,26,3828,0,
72,26,3984,0,
73,26,4143,0,
74,26,4309,0,
75,26,4468,0,
76,26,4635,0,
77,26,4806,0,
78,26,4980,0,
79,26,5156,0,
80,26,5335,0,
81,26,5518,0,
82,26,5703,0,
83,26,5892,0,
84,26,6084,0,
85,26,6279,0,
86,26,6476,0,
87,26,6678,0,
88,26,6881,0,
89,26,7088,0,
90,26,7299,0,
91,26,7510,0,
92,26,7730,0,
93,26,7950,0,
94,26,8170,0,
95,26,8400,0,
96,26,8620,0,
97,26,8850,0,
98,26,9090,0,
99,26,9330,0,
100,26,9570,0,
101,26,9810,0,
102,26,10060,0,
103,26,10310,0,
104,26,10560,0,
105,26,10820,0,
106,26,11080,0,
107,26,11340,0,
108,26,11600,0,
109,26,11870,0,
110,26,12140,0,
27,27,7.88101,1,[Ar].3d7.4s2
28,27,18.168837,1,[Ar].3d9
29,27,36.841,0,
30,27,59.573,0,
31,27,86.01,0,
32,27,115.9,0,
33,27,147,0,
34,27,184,0,
35,27,224,0,
36,27,268,0,
37,27,313.1,0,
38,27,362,0,
39,27,414,0,
40,27,470,0,
41,27,530,0,
42,27,591,0,
43,27,655,0,
44,27,723,0,
45,27,794,0,
46,27,869,0,
47,27,946,0,
48,27,1026,0,
49,27,1109,0,
50,27,1195,0,
51,27,1285,0,
52,27,1377,0,
53,27,1472,0,
54,27,1571,0,
55,27,1672,0,
56,27,1776,0,
57,27,1884,0,
58,27,1994,0,
59,27,2108,0,
60,27,2224,0,
61,27,2344,0,
62,27,2466,0,
63,27,2591,0,
64,27,2720,0,
65,27,2852,0,
66,27,2987,0,
67,27,3125,0,
68,27,3265,0,
69,27,3409,0,
70,27,3555,0,
71,27,3706,0,
72,27,3858,0,
73,27,4014,0,
74,27,4180,0,
75,27,4335,0,
76,27,4501,0,
77,27,4668,0,
78,27,4839,0,
79,27,5013,0,
80,27,5191,0,
81,27,5371,0,
82,27,5555,0,
83,27,5740,0,
84,27,5930,0,
85,27,6122,0,
86,27,6318,0,
87,27,6516,0,
88,27,6718,0,
89,27,6923,0,
90,27,7130,0,
91,27,7341,0,
92,27,7550,0,
93,27,7770,0,
94,27,7990,0,
95,27,8210,0,
96,27,8440,0,
97,27,8670,0,
98,27,8900,0,
99,27,9140,0,
100,27,9370,0,
101,27,9620,0,
102,27,9860,0,
103,27,10110,0,
104,27,10360,0,
105,27,10610,0,
106,27,10870,0,
107,27,11130,0,
108,27,11390,0,
109,27,11660,0,
110,27,11930,0,
28,28,7.639877,1,[Ar].3d8.4s2
29,28,20.29239,1,[Ar].3d10
30,28,39.723,0,
31,28,63.241,0,
32,28,90.5,0,
33,28,121.19,0,
34,28,155.33,0,
35,28,192.61,0,
36,28,233,0,
37,28,277.12,0,
38,28,324.07,0,
39,28,374.04,0,
40,28,426,0,
41,28,482.5,0,
42,28,544,0,
43,28,604,0,
44,28,670,0,
45,28,739,0,
46,28,810,0,
47,28,885,0,
48,28,963,0,
49,28,1043,0,
50,28,1127,0,
51,28,1214,0,
52,28,1304,0,
53,28,1397,0,
54,28,1493,0,
55,28,1592,0,
56,28,1695,0,
57,28,1800,0,
58,28,1908,0,
59,28,2019,0,
60,28,2134,0,
61,28,2251,0,
62,28,2371,0,
63,28,2495,0,
64,28,2621,0,
65,28,2750,0,
66,28,2882,0,
67,28,3018,0,
68,28,3157,0,
69,28,3300,0,
70,28,3443,0,
71,28,3590,0,
72,28,3741,0,
73,28,3898.7,0,
74,28,4057,0,
75,28,4214,0,
76,28,4374,0,
77,28,4540,0,
78,28,4715,0,
79,28,4888,0,
80,28,5055,0,
81,28,5234,0,
82,28,5414,0,
83,28,5599,0,
84,28,5785,0,
85,28,5980,0,
86,28,6169,0,
87,28,6365,0,
88,28,6565,0,
89,28,6767,0,
90,28,6972,0,
91,28,7181,0,
92,28,7393,0,
93,28,7610,0,
94,28,7820,0,
95,28,8040,0,
96,28,8270,0,
97,28,8500,0,
98,28,8730,0,
99,28,8960,0,
100,28,9200,0,
101,28,9430,0,
102,28,9680,0,
103,28,9920,0,
104,28,10170,0,
105,28,10420,0,
106,28,10680,0,
107,28,10930,0,
108,28,11200,0,
109,28,11460,0,
110,28,11730,0,
29,29,7.72638,1,[Ar].3d10.4s
30,29,17.96439,0,
31,29,30.726,0,
32,29,45.715,0,
33,29,62.767,0,
34,29,81.827,0,
35,29,103,0,
36,29,125.8024,0,
37,29,150.63,0,
38,29,177,0,
39,29,206,0,
40,29,236.25,0,
41,29,268.59,0,
42,29,302.6,0,
43,29,338.55,0,
44,29,376.25,0,
45,29,416,0,
46,29,458,0,
47,29,500.87,0,
48,29,546.19,0,
49,29,593.38,0,
50,29,642.35,0,
51,29,693.26,0,
52,29,746.12,0,
53,29,800.76,0,
54,29,857.03,0,
55,29,916.07,0,
56,29,976.6,0,
57,29,1039.09,0,
58,29,1103.53,0,
59,29,1169.94,0,
60,29,1238.42,0,
61,29,1308.7,0,
62,29,1381.6,0,
63,29,1456.06,0,
64,29,1532.35,0,
65,29,1610.38,0,
66,29,1691.74,0,
67,29,1773.57,0,
68,29,1859,0,
69,29,1945.2,0,
70,29,2036.4,0,
71,29,2125.5,0,
72,29,2218.9,0,
73,29,2314.7,0,
74,29,2414.11,0,
75,29,2514.54,0,
76,29,2615.5,0,
77,29,2720.4,0,
78,29,2827.8,0,
79,29,2941,0,
80,29,3049.9,0,
81,29,3164.7,0,
82,29,3282.1,0,
83,29,3401.8,0,
84,29,3524.2,0,
85,29,3649,0,
86,29,3777,0,
87,29,3907,0,
88,29,4040,0,
89,29,4175,0,
90,29,4313,0,
91,29,4454,0,
92,29,4598,0,
93,29,4744,0,
94,29,4890,0,
95,29,5050,0,
96,29,5200,0,
97,29,5360,0,
98,29,5520,0,
99,29,5690,0,
100,29,5860,0,
101,29,6030,0,
102,29,6210,0,
103,29,6390,0,
104,29,6570,0,
105,29,6760,0,
106,29,6950,0,
107,29,7140,0,
108,29,7340,0,
109,29,7550,0,
110,29,7750,0,
30,30,9.394199,1,[Ar].3d10.4s2
31,30,20.51514,0,
32,30,34.0576,0,
33,30,50.15,0,
34,30,68.3,0,
35,30,85.1,0,
36,30,109.13,0,
37,30,132.8,0,
38,30,158.3,0,
39,30,185.7,0,
40,30,214.9,0,
41,30,246.1,0,
42,30,279.1,0,
43,30,311,0,
44,30,348,0,
45,30,389,0,
46,30,427,0,
47,30,469,0,
48,30,513,0,
49,30,560,0,
50,30,608,0,
51,30,657,0,
52,30,709,0,
53,30,762,0,
54,30,818,0,
55,30,875,0,
56,30,935,0,
57,30,995,0,
58,30,1060,0,
59,30,1124,0,
60,30,1191,0,
61,30,1261,0,
62,30,1332,0,
63,30,1406,0,
64,30,1481,0,
65,30,1559,0,
66,30,1638,0,
67,30,1719,0,
68,30,1803,0,
69,30,1889,0,
70,30,1978,0,
71,30,2067,0,
72,30,2159,0,
73,30,2254,0,
74,30,2354,0,
75,30,2450,0,
76,30,2552,0,
77,30,2656,0,
78,30,2762,0,
79,30,2870,0,
80,30,2981,0,
81,30,3094,0,
82,30,3211,0,
83,30,3329,0,
84,30,3450,0,
85,30,3573,0,
86,30,3699,0,
87,30,3828,0,
88,30,3959,0,
89,30,4093,0,
90,30,4230,0,
91,30,4370,0,
92,30,4510,0,
93,30,4658,0,
94,30,4807,0,
95,30,4960,0,
96,30,5110,0,
97,30,5270,0,
98,30,5430,0,
99,30,5600,0,
100,30,5760,0,
101,30,5930,0,
102,30,6110,0,
103,30,6290,0,
104,30,6470,0,
105,30,6650,0,
106,30,6840,0,
107,30,7040,0,
108,30,7230,0,
109,30,7440,0,
110,30,7640,0,
31,31,5.9993018,1,[Ar].3d10.4s2.4p
32,31,15.93461,0,
33,31,28.349,0,
34,31,42.947,0,
35,31,59.595,0,
36,31,78.49,0,
37,31,98.67,0,
38,31,121.21,0,
39,31,145.64,0,
40,31,172.02,0,
41,31,200.28,0,
42,31,230.28,0,
43,31,262.08,0,
44,31,295.9,0,
45,31,331.58,0,
46,31,369.1,0,
47,31,408.43,0,
48,31,452.55,0,
49,31,497.11,0,
50,31,537,0,
51,31,584,0,
52,31,633,0,
53,31,683,0,
54,31,736,0,
55,31,791,0,
56,31,846,0,
57,31,906,0,
58,31,965,0,
59,31,1028,0,
60,31,1092,0,
61,31,1158,0,
62,31,1226,0,
63,31,1296,0,
64,31,1368,0,
65,31,1443,0,
66,31,1520,0,
67,31,1598,0,
68,31,1678,0,
69,31,1761,0,
70,31,1845,0,
71,31,1933,0,
72,31,2022,0,
73,31,2113,0,
74,31,2210,0,
75,31,2302,0,
76,31,2400,0,
77,31,2500,0,
78,31,2603,0,
79,31,2708,0,
80,31,2815,0,
81,31,2925,0,
82,31,3036,0,
83,31,3151,0,
84,31,3268,0,
85,31,3388,0,
86,31,3510,0,
87,31,3635,0,
88,31,3762,0,
89,31,3893,0,
90,31,4025,0,
91,31,4161,0,
92,31,4299,0,
93,31,4441,0,
94,31,4585,0,
95,31,4733,0,
96,31,4880,0,
97,31,5040,0,
98,31,5190,0,
99,31,5350,0,
100,31,5510,0,
101,31,5680,0,
102,31,5850,0,
103,31,6030,0,
104,31,6200,0,
105,31,6380,0,
106,31,6570,0,
107,31,6760,0,
108,31,6950,0,
109,31,7150,0,
110,31,7350,0,
32,32,7.899435,1,[Ar].3d10.4s2.4p2
33,32,18.5892,0,
34,32,31.697,0,
35,32,47.78,0,
36,32,64.69,0,
37,32,82.9,0,
38,32,104,0,
39,32,127,0,
40,32,153,0,
41,32,180,0,
42,32,209.3,0,
43,32,239,0,
44,32,271,0,
45,32,306,0,
46,32,342,0,
47,32,381,0,
48,32,421,0,
49,32,462,0,
50,32,506,0,
51,32,552,0,
52,32,599,0,
53,32,649,0,
54,32,700,0,
55,32,753,0,
56,32,809,0,
57,32,865,0,
58,32,924,0,
59,32,985,0,
60,32,1049,0,
61,32,1113,0,
62,32,1180,0,
63,32,1249,0,
64,32,1321,0,
65,32,1393,0,
66,32,1468,0,
67,32,1545,0,
68,32,1625,0,
69,32,1706,0,
70,32,1789,0,
71,32,1875,0,
72,32,1963,0,
73,32,2053,0,
74,32,2149.1,0,
75,32,2240,0,
76,32,2336,0,
77,32,2435,0,
78,32,2536,0,
79,32,2640,0,
80,32,2745,0,
81,32,2854,0,
82,32,2965,0,
83,32,3078,0,
84,32,3194,0,
85,32,3312,0,
86,32,3433,0,
87,32,3556,0,
88,32,3682,0,
89,32,3811,0,
90,32,3943,0,
91,32,4077,0,
92,32,4214,0,
93,32,4353,0,
94,32,4496,0,
95,32,4642,0,
96,32,4791,0,
97,32,4940,0,
98,32,5100,0,
99,32,5260,0,
100,32,5420,0,
101,32,5580,0,
102,32,5750,0,
103,32,5920,0,
104,32,6100,0,
105,32,6280,0,
106,32,6460,0,
107,32,6650,0,
108,32,6840,0,
109,32,7040,0,
110,32,7230,0,
33,33,9.789,1,[Ar].3d10.4s2.4p3
34,33,21.196,0,
35,33,35,0,
36,33,50.85,0,
37,33,68.4,0,
38,33,88,0,
39,33,110.02,0,
40,33,133.7,0,
41,33,159.2,0,
42,33,186.3,0,
43,33,214,0,
44,33,245,0,
45,33,277,0,
46,33,311,0,
47,33,347,0,
48,33,385,0,
49,33,425,0,
50,33,466,0,
51,33,510,0,
52,33,555,0,
53,33,601,0,
54,33,650,0,
55,33,700,0,
56,33,752,0,
57,33,806,0,
58,33,862,0,
59,33,920,0,
60,33,978,0,
61,33,1040,0,
62,33,1103,0,
63,33,1167,0,
64,33,1233,0,
65,33,1301,0,
66,33,1371,0,
67,33,1443,0,
68,33,1516,0,
69,33,1591,0,
70,33,1668,0,
71,33,1747,0,
72,33,1827,0,
73,33,1910,0,
74,33,1994.8,0,
75,33,2080,0,
76,33,2168,0,
77,33,2258,0,
78,33,2350,0,
79,33,2443,0,
80,33,2539,0,
81,33,2635,0,
82,33,2735,0,
83,33,2835,0,
84,33,2938,0,
85,33,3042,0,
86,33,3149,0,
87,33,3257,0,
88,33,3368,0,
89,33,3479,0,
90,33,3593,0,
91,33,3709,0,
92,33,3827,0,
93,33,3947,0,
94,33,4068,0,
95,33,4191,0,
96,33,4317,0,
97,33,4445,0,
98,33,4570,0,
99,33,4700,0,
100,33,4840,0,
101,33,4970,0,
102,33,5110,0,
103,33,5250,0,
104,33,5390,0,
105,33,5530,0,
106,33,5680,0,
107,33,5830,0,
108,33,5980,0,
109,33,6130,0,
110,33,6280,0,
34,34,9.752392,1,[Ar].3d10.4s2.4p4
35,34,21.591,0,
36,34,35.67,0,
37,34,52.2,0,
38,34,71,0,
39,34,91.39,0,
40,34,112,0,
41,34,136,0,
42,34,164.12,0,
43,34,189.9,0,
44,34,219.9,0,
45,34,252.1,0,
46,34,286,0,
47,34,321,0,
48,34,358,0,
49,34,396,0,
50,34,437,0,
51,34,479,0,
52,34,522,0,
53,34,569,0,
54,34,616,0,
55,34,666,0,
56,34,717,0,
57,34,770,0,
58,34,824,0,
59,34,880,0,
60,34,939,0,
61,34,998,0,
62,34,1060,0,
63,34,1124,0,
64,34,1189,0,
65,34,1256,0,
66,34,1325,0,
67,34,1395,0,
68,34,1468,0,
69,34,1542,0,
70,34,1618,0,
71,34,1696,0,
72,34,1776,0,
73,34,1857,0,
74,34,1940.6,0,
75,34,2025,0,
76,34,2112,0,
77,34,2201,0,
78,34,2291,0,
79,34,2383,0,
80,34,2478,0,
81,34,2574,0,
82,34,2671,0,
83,34,2771,0,
84,34,2873,0,
85,34,2977,0,
86,34,3082,0,
87,34,3190,0,
88,34,3300,0,
89,34,3409,0,
90,34,3522,0,
91,34,3637,0,
92,34,3753,0,
93,34,3872,0,
94,34,3993,0,
95,34,4115,0,
96,34,4239,0,
97,34,4365,0,
98,34,4494,0,
99,34,4620,0,
100,34,4760,0,
101,34,4890,0,
102,34,5030,0,
103,34,5160,0,
104,34,5300,0,
105,34,5450,0,
106,34,5590,0,
107,34,5740,0,
108,34,5880,0,
109,34,6030,0,
110,34,6190,0,
35,35,11.81381,1,[Ar].3d10.4s2.4p5
36,35,24.35984,0,
37,35,39.247,0,
38,35,56.28,0,
39,35,74.97,0,
40,35,96.27,0,
41,35,119.14,0,
42,35,143.6,0,
43,35,169,0,
44,35,198,0,
45,35,228,0,
46,35,260,0,
47,35,294,0,
48,35,329,0,
49,35,368,0,
50,35,407,0,
51,35,447,0,
52,35,491,0,
53,35,535,0,
54,35,582,0,
55,35,629,0,
56,35,679,0,
57,35,731,0,
58,35,785,0,
59,35,840,0,
60,35,896,0,
61,35,956,0,
62,35,1016,0,
63,35,1078,0,
64,35,1142,0,
65,35,1208,0,
66,35,1275,0,
67,35,1346,0,
68,35,1416,0,
69,35,1490,0,
70,35,1564,0,
71,35,1641,0,
72,35,1719,0,
73,35,1799,0,
74,35,1882.9,0,
75,35,1966,0,
76,35,2052,0,
77,35,2139,0,
78,35,2228,0,
79,35,2320,0,
80,35,2412,0,
81,35,2508,0,
82,35,2605,0,
83,35,2703,0,
84,35,2803,0,
85,35,2905,0,
86,35,3010,0,
87,35,3115,0,
88,35,3224,0,
89,35,3334,0,
90,35,3445,0,
91,35,3558,0,
92,35,3675,0,
93,35,3792,0,
94,35,3911,0,
95,35,4033,0,
96,35,4156,0,
97,35,4281,0,
98,35,4407,0,
99,35,4537,0,
100,35,4670,0,
101,35,4800,0,
102,35,4930,0,
103,35,5070,0,
104,35,5210,0,
105,35,5350,0,
106,35,5490,0,
107,35,5640,0,
108,35,5780,0,
109,35,5930,0,
110,35,6080,0,
36,36,13.9996049,1,[Ar].3d10.4s2.4p6
37,36,27.28954,0,
38,36,42.88353,0,
39,36,60.607,0,
40,36,80.348,0,
41,36,102.069,0,
42,36,125.638,0,
43,36,150,0,
44,36,178.4,0,
45,36,207.51,0,
46,36,238.57,0,
47,36,271.46,0,
48,36,305,0,
49,36,341,0,
50,36,379,0,
51,36,420,0,
52,36,461,0,
53,36,505,0,
54,36,549,0,
55,36,597,0,
56,36,646,0,
57,36,696,0,
58,36,749,0,
59,36,803,0,
60,36,859,0,
61,36,916,0,
62,36,976,0,
63,36,1037,0,
64,36,1100,0,
65,36,1165,0,
66,36,1232,0,
67,36,1300,0,
68,36,1370,0,
69,36,1442,0,
70,36,1516,0,
71,36,1591,0,
72,36,1669,0,
73,36,1748,0,
74,36,1829.8,0,
75,36,1912,0,
76,36,1996,0,
77,36,2083,0,
78,36,2171,0,
79,36,2261,0,
80,36,2354,0,
81,36,2447,0,
82,36,2543,0,
83,36,2641,0,
84,36,2740,0,
85,36,2841,0,
86,36,2944,0,
87,36,3049,0,
88,36,3155,0,
89,36,3264,0,
90,36,3375,0,
91,36,3488,0,
92,36,3602,0,
93,36,3718,0,
94,36,3836,0,
95,36,3956,0,
96,36,4078,0,
97,36,4202,0,
98,36,4329,0,
99,36,4456,0,
100,36,4586,0,
101,36,4720,0,
102,36,4850,0,
103,36,4990,0,
104,36,5120,0,
105,36,5260,0,
106,36,5410,0,
107,36,5550,0,
108,36,5700,0,
109,36,5840,0,
110,36,5990,0,
37,37,4.177128,1,[Kr].5s
38,37,11.030276,0,
39,37,20.52441,1,[Kr].4d
40,37,34.41836,0,
41,37,50.5728,0,
42,37,68.82704,0,
43,37,88,0,
44,37,110,0,
45,37,135,0,
46,37,160,0,
47,37,188,0,
48,37,218,0,
49,37,249,0,
50,37,282,0,
51,37,317,0,
52,37,354,0,
53,37,393,0,
54,37,430,0,
55,37,476,0,
56,37,520,0,
57,37,566,0,
58,37,613,0,
59,37,663,0,
60,37,714,0,
61,37,767,0,
62,37,822,0,
63,37,879,0,
64,37,937,0,
65,37,997,0,
66,37,1059,0,
67,37,1122,0,
68,37,1188,0,
69,37,1255,0,
70,37,1324,0,
71,37,1395,0,
72,37,1467,0,
73,37,1542,0,
74,37,1622,0,
75,37,1696,0,
76,37,1776,0,
77,37,1857,0,
78,37,1941,0,
79,37,2026,0,
80,37,2113,0,
81,37,2202,0,
82,37,2292,0,
83,37,2385,0,
84,37,2480,0,
85,37,2576,0,
86,37,2674,0,
87,37,2774,0,
88,37,2876,0,
89,37,2980,0,
90,37,3086,0,
91,37,3193,0,
92,37,3301,0,
93,37,3413,0,
94,37,3527,0,
95,37,3641,0,
96,37,3758,0,
97,37,3877,0,
98,37,3998,0,
99,37,4120,0,
100,37,4245,0,
101,37,4371,0,
102,37,4500,0,
103,37,4630,0,
104,37,4760,0,
105,37,4900,0,
106,37,5030,0,
107,37,5170,0,
108,37,5310,0,
109,37,5450,0,
110,37,5600,0,
38,38,5.6948672,1,[Kr].5s2
39,38,12.224,0,
40,38,23.17,1,[Kr].4d2
41,38,37.611,0,
42,38,54.485,0,
43,38,72,0,
44,38,93,0,
45,38,115.1,0,
46,38,141,0,
47,38,167,0,
48,38,195,0,
49,38,226,0,
50,38,258,0,
51,38,292,0,
52,38,328,0,
53,38,365,0,
54,38,404,0,
55,38,445,0,
56,38,488,0,
57,38,533,0,
58,38,579,0,
59,38,627,0,
60,38,678,0,
61,38,730,0,
62,38,782,0,
63,38,838,0,
64,38,895,0,
65,38,954,0,
66,38,1014,0,
67,38,1077,0,
68,38,1142,0,
69,38,1207,0,
70,38,1275,0,
71,38,1345,0,
72,38,1417,0,
73,38,1490,0,
74,38,1569.1,0,
75,38,1641,0,
76,38,1720,0,
77,38,1801,0,
78,38,1883,0,
79,38,1967,0,
80,38,2052,0,
81,38,2140,0,
82,38,2230,0,
83,38,2321,0,
84,38,2414,0,
85,38,2510,0,
86,38,2606,0,
87,38,2706,0,
88,38,2806,0,
89,38,2908,0,
90,38,3013,0,
91,38,3119,0,
92,38,3228,0,
93,38,3338,0,
94,38,3449,0,
95,38,3563,0,
96,38,3679,0,
97,38,3797,0,
98,38,3915,0,
99,38,4038,0,
100,38,4160,0,
101,38,4286,0,
102,38,4413,0,
103,38,4540,0,
104,38,4670,0,
105,38,4810,0,
106,38,4940,0,
107,38,5080,0,
108,38,5220,0,
109,38,5360,0,
110,38,5500,0,
39,39,6.21726,1,[Kr].4d.5s2
40,39,13.13,1,[Kr].4d2.5s
41,39,25,1,[Kr].4d3
42,39,40.33,0,
43,39,57,0,
44,39,76,0,
45,39,97,0,
46,39,120,0,
47,39,145,0,
48,39,173,0,
49,39,201,0,
50,39,232,0,
51,39,265,0,
52,39,299,0,
53,39,335,0,
54,39,374,0,
55,39,413,0,
56,39,455,0,
57,39,498,0,
58,39,543,0,
59,39,590,0,
60,39,638,0,
61,39,689,0,
62,39,742,0,
63,39,795,0,
64,39,851,0,
65,39,909,0,
66,39,969,0,
67,39,1029,0,
68,39,1092,0,
69,39,1157,0,
70,39,1224,0,
71,39,1292,0,
72,39,1362,0,
73,39,1434,0,
74,39,1512.4,0,
75,39,1583,0,
76,39,1660,0,
77,39,1739,0,
78,39,1821,0,
79,39,1904,0,
80,39,1989,0,
81,39,2075,0,
82,39,2163,0,
83,39,2253,0,
84,39,2345,0,
85,39,2439,0,
86,39,2535,0,
87,39,2631,0,
88,39,2731,0,
89,39,2833,0,
90,39,2935,0,
91,39,3040,0,
92,39,3147,0,
93,39,3255,0,
94,39,3366,0,
95,39,3479,0,
96,39,3593,0,
97,39,3709,0,
98,39,3828,0,
99,39,3947,0,
100,39,4070,0,
101,39,4194,0,
102,39,4320,0,
103,39,4448,0,
104,39,4580,0,
105,39,4710,0,
106,39,4840,0,
107,39,4980,0,
108,39,5120,0,
109,39,5250,0,
110,39,5400,0,
40,40,6.6339,1,[Kr].4d2.5s2
41,40,14.32,1,[Kr].4d4
42,40,27.13,0,
43,40,41,0,
44,40,59,0,
45,40,80,0,
46,40,101,0,
47,40,125,0,
48,40,150,0,
49,40,178,0,
50,40,208,0,
51,40,238,0,
52,40,272,0,
53,40,307,0,
54,40,343,0,
55,40,382,0,
56,40,422,0,
57,40,464,0,
58,40,509,0,
59,40,554,0,
60,40,602,0,
61,40,651,0,
62,40,702,0,
63,40,755,0,
64,40,810,0,
65,40,866,0,
66,40,924,0,
67,40,985,0,
68,40,1046,0,
69,40,1110,0,
70,40,1175,0,
71,40,1242,0,
72,40,1311,0,
73,40,1382,0,
74,40,1459.9,0,
75,40,1530,0,
76,40,1606,0,
77,40,1684,0,
78,40,1763,0,
79,40,1845,0,
80,40,1928,0,
81,40,2014,0,
82,40,2101,0,
83,40,2190,0,
84,40,2281,0,
85,40,2373,0,
86,40,2467,0,
87,40,2564,0,
88,40,2662,0,
89,40,2762,0,
90,40,2860,0,
91,40,2968,0,
92,40,3073,0,
93,40,3181,0,
94,40,3290,0,
95,40,3402,0,
96,40,3515,0,
97,40,3630,0,
98,40,3747,0,
99,40,3866,0,
100,40,3986,0,
101,40,4109,0,
102,40,4234,0,
103,40,4360,0,
104,40,4489,0,
105,40,4620,0,
106,40,4750,0,
107,40,4890,0,
108,40,5020,0,
109,40,5160,0,
110,40,5300,0,
41,41,6.75885,1,[Kr].4d4.5s
42,41,16.16,1,[Kr].4d5
43,41,29.55,0,
44,41,45,0,
45,41,63,0,
46,41,84.1,0,
47,41,106,0,
48,41,130.1,0,
49,41,156,0,
50,41,184,0,
51,41,214,0,
52,41,245,0,
53,41,279,0,
54,41,314,0,
55,41,352,0,
56,41,390,0,
57,41,431,0,
58,41,472,0,
59,41,516,0,
60,41,562,0,
61,41,609,0,
62,41,658,0,
63,41,709,0,
64,41,761,0,
65,41,816,0,
66,41,872,0,
67,41,929,0,
68,41,989,0,
69,41,1050,0,
70,41,1114,0,
71,41,1178,0,
72,41,1245,0,
73,41,1313,0,
74,41,1386.8,0,
75,41,1454,0,
76,41,1528,0,
77,41,1603,0,
78,41,1680,0,
79,41,1758,0,
80,41,1839,0,
81,41,1920,0,
82,41,2004,0,
83,41,2090,0,
84,41,2177,0,
85,41,2266,0,
86,41,2357,0,
87,41,2450,0,
88,41,2544,0,
89,41,2639,0,
90,41,2737,0,
91,41,2837,0,
92,41,2938,0,
93,41,3041,0,
94,41,3146,0,
95,41,3251,0,
96,41,3360,0,
97,41,3469,0,
98,41,3581,0,
99,41,3694,0,
100,41,3810,0,
101,41,3926,0,
102,41,4045,0,
103,41,4165,0,
104,41,4287,0,
105,41,4411,0,
106,41,4540,0,
107,41,4660,0,
108,41,4790,0,
109,41,4920,0,
110,41,5060,0,
42,42,7.09243,1,[Kr].4d5.5s
43,42,15.26,0,
44,42,28.47,1,[Kr].4d6
45,42,42,0,
46,42,61,0,
47,42,82,0,
48,42,105,0,
49,42,130.1,0,
50,42,156,0,
51,42,185,0,
52,42,215,0,
53,42,247,0,
54,42,281,0,
55,42,316,0,
56,42,354,0,
57,42,393,0,
58,42,435,0,
59,42,478,0,
60,42,522,0,
61,42,569,0,
62,42,617,0,
63,42,667,0,
64,42,719,0,
65,42,772,0,
66,42,827,0,
67,42,885,0,
68,42,943,0,
69,42,1004,0,
70,42,1065,0,
71,42,1130,0,
72,42,1195,0,
73,42,1262,0,
74,42,1335.1,0,
75,42,1402,0,
76,42,1474,0,
77,42,1548,0,
78,42,1624,0,
79,42,1702,0,
80,42,1780,0,
81,42,1862,0,
82,42,1945,0,
83,42,2029,0,
84,42,2115,0,
85,42,2203,0,
86,42,2293,0,
87,42,2384,0,
88,42,2477,0,
89,42,2572,0,
90,42,2669,0,
91,42,2766,0,
92,42,2867,0,
93,42,2969,0,
94,42,3072,0,
95,42,3178,0,
96,42,3284,0,
97,42,3393,0,
98,42,3503,0,
99,42,3616,0,
100,42,3730,0,
101,42,3845,0,
102,42,3962,0,
103,42,4082,0,
104,42,4203,0,
105,42,4326,0,
106,42,4450,0,
107,42,4580,0,
108,42,4700,0,
109,42,4830,0,
110,42,4960,0,
43,43,7.119381,1,[Kr].4d5.5s2
44,43,16.76,1,[Kr].4d7
45,43,31.06,0,
46,43,46,0,
47,43,65,0,
48,43,87,0,
49,43,109,0,
50,43,135,0,
51,43,162,0,
52,43,191.1,0,
53,43,220.9,0,
54,43,255,0,
55,43,289,0,
56,43,325,0,
57,43,364,0,
58,43,403,0,
59,43,445,0,
60,43,489,0,
61,43,534,0,
62,43,581,0,
63,43,630,0,
64,43,680,0,
65,43,732,0,
66,43,786,0,
67,43,842,0,
68,43,899,0,
69,43,958,0,
70,43,1019,0,
71,43,1081,0,
72,43,1146,0,
73,43,1211,0,
74,43,1283.4,0,
75,43,1349,0,
76,43,1420,0,
77,43,1493,0,
78,43,1567,0,
79,43,1644,0,
80,43,1723,0,
81,43,1802,0,
82,43,1884,0,
83,43,1967,0,
84,43,2052,0,
85,43,2139,0,
86,43,2227,0,
87,43,2317,0,
88,43,2409,0,
89,43,2503,0,
90,43,2598,0,
91,43,2696,0,
92,43,2794,0,
93,43,2894,0,
94,43,2997,0,
95,43,3101,0,
96,43,3207,0,
97,43,3315,0,
98,43,3424,0,
99,43,3535,0,
100,43,3647,0,
101,43,3762,0,
102,43,3878,0,
103,43,3996,0,
104,43,4116,0,
105,43,4237,0,
106,43,4360,0,
107,43,4486,0,
108,43,4610,0,
109,43,4740,0,
110,43,4870,0,
44,44,7.3605,1,[Kr].4d7.5s
45,44,18.08,1,[Kr].4d8
46,44,32.93,0,
47,44,49,0,
48,44,67.9,0,
49,44,90,0,
50,44,112.9,0,
51,44,139,0,
52,44,167,0,
53,44,197,0,
54,44,229.02,0,
55,44,261,0,
56,44,296,0,
57,44,332,0,
58,44,371,0,
59,44,412,0,
60,44,453,0,
61,44,497,0,
62,44,543,0,
63,44,590,0,
64,44,639,0,
65,44,690,0,
66,44,743,0,
67,44,797,0,
68,44,853,0,
69,44,911,0,
70,44,971,0,
71,44,1032,0,
72,44,1094,0,
73,44,1160,0,
74,44,1230.4,0,
75,44,1294,0,
76,44,1364,0,
77,44,1436,0,
78,44,1509,0,
79,44,1584,0,
80,44,1661,0,
81,44,1740,0,
82,44,1819,0,
83,44,1902,0,
84,44,1986,0,
85,44,2071,0,
86,44,2158,0,
87,44,2247,0,
88,44,2338,0,
89,44,2430,0,
90,44,2524,0,
91,44,2620,0,
92,44,2718,0,
93,44,2817,0,
94,44,2918,0,
95,44,3021,0,
96,44,3125,0,
97,44,3232,0,
98,44,3340,0,
99,44,3449,0,
100,44,3561,0,
101,44,3675,0,
102,44,3790,0,
103,44,3906,0,
104,44,4025,0,
105,44,4145,0,
106,44,4267,0,
107,44,4390,0,
108,44,4516,0,
109,44,4640,0,
110,44,4770,0,
45,45,7.4589,1,[Kr].4d8.5s
46,45,19.43,1,[Kr].4d9
47,45,34.83,0,
48,45,51,0,
49,45,69.3,0,
50,45,94,0,
51,45,117,0,
52,45,143,0,
53,45,171,0,
54,45,202,0,
55,45,233,0,
56,45,267.1,0,
57,45,303,0,
58,45,340,0,
59,45,378,0,
60,45,420,0,
61,45,462,0,
62,45,506,0,
63,45,553,0,
64,45,601,0,
65,45,651,0,
66,45,702,0,
67,45,755,0,
68,45,810,0,
69,45,866,0,
70,45,924,0,
71,45,985,0,
72,45,1047,0,
73,45,1110,0,
74,45,1180,0,
75,45,1242,0,
76,45,1311,0,
77,45,1381,0,
78,45,1454,0,
79,45,1527,0,
80,45,1603,0,
81,45,1681,0,
82,45,1760,0,
83,45,1840,0,
84,45,1923,0,
85,45,2007,0,
86,45,2094,0,
87,45,2182,0,
88,45,2271,0,
89,45,2362,0,
90,45,2455,0,
91,45,2550,0,
92,45,2646,0,
93,45,2745,0,
94,45,2844,0,
95,45,2946,0,
96,45,3050,0,
97,45,3154,0,
98,45,3261,0,
99,45,3370,0,
100,45,3480,0,
101,45,3592,0,
102,45,3705,0,
103,45,3821,0,
104,45,3938,0,
105,45,4057,0,
106,45,4178,0,
107,45,4301,0,
108,45,4425,0,
109,45,4551,0,
110,45,4680,0,
46,46,8.33686,1,[Kr].4d10
47,46,21.4844,0,
48,46,37.47,0,
49,46,55.45,0,
50,46,77.03,0,
51,46,99.51,0,
52,46,124.201,0,
53,46,150.81,0,
54,46,179.84,0,
55,46,213.3,0,
56,46,241,0,
57,46,275,0,
58,46,312,0,
59,46,350,0,
60,46,389,0,
61,46,430,0,
62,46,474,0,
63,46,518,0,
64,46,565,0,
65,46,613,0,
66,46,664,0,
67,46,715,0,
68,46,770,0,
69,46,825,0,
70,46,882,0,
71,46,941,0,
72,46,1002,0,
73,46,1064,0,
74,46,1132.2,0,
75,46,1194,0,
76,46,1262,0,
77,46,1331,0,
78,46,1402,0,
79,46,1475,0,
80,46,1549,0,
81,46,1625,0,
82,46,1704,0,
83,46,1784,0,
84,46,1865,0,
85,46,1948,0,
86,46,2033,0,
87,46,2119,0,
88,46,2208,0,
89,46,2298,0,
90,46,2390,0,
91,46,2483,0,
92,46,2578,0,
93,46,2675,0,
94,46,2774,0,
95,46,2874,0,
96,46,2976,0,
97,46,3080,0,
98,46,3186,0,
99,46,3294,0,
100,46,3403,0,
101,46,3513,0,
102,46,3627,0,
103,46,3741,0,
104,46,3857,0,
105,46,3975,0,
106,46,4095,0,
107,46,4216,0,
108,46,4339,0,
109,46,4464,0,
110,46,4590,0,
47,47,7.576234,1,[Kr].4d10.5s
48,47,16.908312,0,
49,47,28.04415,0,
50,47,40.735,0,
51,47,55,0,
52,47,69.1,0,
53,47,87.61,0,
54,47,105.9778,0,
55,47,125.61,0,
56,47,146.52,0,
57,47,168.77,0,
58,47,192.24,0,
59,47,217.02,0,
60,47,243,0,
61,47,269,0,
62,47,306.5,1,[Kr].4d10.4f
63,47,344.4,0,
64,47,380,0,
65,47,426.6,0,
66,47,465,0,
67,47,510,0,
68,47,555,0,
69,47,603,0,
70,47,651,0,
71,47,713,0,
72,47,772,0,
73,47,832,0,
74,47,881.4,0,
75,47,953,0,
76,47,1015,0,
77,47,1080,0,
78,47,1140,0,
79,47,1210,0,
80,47,1280,0,
81,47,1350,0,
82,47,1430,0,
83,47,1500,0,
84,47,1570,0,
85,47,1650,0,
86,47,1720,0,
87,47,1810,0,
88,47,1880,0,
89,47,1970,0,
90,47,2060,0,
91,47,2130,0,
92,47,2220,0,
93,47,2310,0,
94,47,2390,0,
95,47,2000,0,
96,47,2580,0,
97,47,2670,0,
98,47,2750,0,
99,47,2900,0,
100,47,2950,0,
101,47,3050,0,
102,47,3140,0,
103,47,3250,0,
104,47,3353.2,0,
105,47,3458.5,0,
106,47,3565.4,0,
107,47,3673.3,0,
108,47,3783.1,0,
109,47,3894.7,0,
110,47,4007.2,0,
48,48,8.993822,1,[Kr].4d10.5s2
49,48,18.870407,0,
50,48,30.50259,0,
51,48,43.8,0,
52,48,59.25,0,
53,48,74.37,0,
54,48,91.6,0,
55,48,110.09,0,
56,48,130.53,0,
57,48,151.42,0,
58,48,172,0,
59,48,196,0,
60,48,221,0,
61,48,200,0,
62,48,276,1,[Kr].4d10.4f.5s
63,48,311,1,[Kr].4d10.4f2
64,48,352,0,
65,48,393,0,
66,48,431,0,
67,48,475,0,
68,48,520,0,
69,48,570,0,
70,48,620,0,
71,48,670,0,
72,48,730,0,
73,48,790,0,
74,48,833.4,0,
75,48,910,0,
76,48,970,0,
77,48,1030,0,
78,48,1090,0,
79,48,1150,0,
80,48,1220,0,
81,48,1290,0,
82,48,1400,0,
83,48,1440,0,
84,48,1510,0,
85,48,1590,0,
86,48,1660,0,
87,48,1700,0,
88,48,1820,0,
89,48,1900,0,
90,48,2000,0,
91,48,2060,0,
92,48,2140,0,
93,48,2200,0,
94,48,2310,0,
95,48,2410,0,
96,48,2490,0,
97,48,2580,0,
98,48,2670,0,
99,48,2760,0,
100,48,2900,0,
101,48,2950,0,
102,48,3050,0,
103,48,3150,0,
104,48,3252.4,0,
105,48,3357.1,0,
106,48,3463.3,0,
107,48,3570.6,0,
108,48,3679.8,0,
109,48,3790.9,0,
110,48,3903.0,0,
49,49,5.7863552,1,[Cd].5p
50,49,14.63224,0,
51,49,25.3235,0,
52,49,37.4155,0,
53,49,51.517,0,
54,49,66.703,0,
55,49,82.9,0,
56,49,101,0,
57,49,119,0,
58,49,140,0,
59,49,162,0,
60,49,195,1,[Cd].4f
61,49,229,0,
62,49,257,0,
63,49,281,1,[Kr].4d10.4f2.5s
64,49,319,1,[Kr].4d10.4f3
65,49,358,0,
66,49,399,0,
67,49,441,0,
68,49,486,0,
69,49,530,0,
70,49,580,0,
71,49,640,0,
72,49,690,0,
73,49,740,0,
74,49,784.4,0,
75,49,860,0,
76,49,920,0,
77,49,980,0,
78,49,1040,0,
79,49,1100,0,
80,49,1160,0,
81,49,1230,0,
82,49,1300,0,
83,49,1380,0,
84,49,1440,0,
85,49,1510,0,
86,49,1590,0,
87,49,1670,0,
88,49,1750,0,
89,49,1820,0,
90,49,1910,0,
91,49,2000,0,
92,49,2070,0,
93,49,2140,0,
94,49,2200,0,
95,49,2320,0,
96,49,2410,0,
97,49,2490,0,
98,49,2580,0,
99,49,2680,0,
100,49,2760,0,
101,49,2860,0,
102,49,2950,0,
103,49,3060,0,
104,49,3161.8,0,
105,49,3266.1,0,
106,49,3371.8,0,
107,49,3478.6,0,
108,49,3587.5,0,
109,49,3698.2,0,
110,49,3810.0,0,
50,50,7.343917,1,[Cd].5p2
51,50,16.63,0,
52,50,27.838,0,
53,50,40.36,0,
54,50,54.14,0,
55,50,69.1,0,
56,50,86,0,
57,50,105,0,
58,50,125,0,
59,50,148,1,[Cd].4f2
60,50,168,0,
61,50,202,0,
62,50,237,0,
63,50,263,0,
64,50,288,0,
65,50,325,1,[Kr].4d10.4f4
66,50,366,0,
67,50,408,0,
68,50,450,0,
69,50,500,0,
70,50,540,0,
71,50,600,0,
72,50,650,0,
73,50,700,0,
74,50,734.1,0,
75,50,810,0,
76,50,870,0,
77,50,920,0,
78,50,980,0,
79,50,1040,0,
80,50,1110,0,
81,50,1170,0,
82,50,1000,0,
83,50,1310,0,
84,50,1380,0,
85,50,1450,0,
86,50,1520,0,
87,50,1600,0,
88,50,1680,0,
89,50,1750,0,
90,50,1830,0,
91,50,1910,0,
92,50,1990,0,
93,50,2070,0,
94,50,2150,0,
95,50,2240,0,
96,50,2320,0,
97,50,2410,0,
98,50,2490,0,
99,50,2580,0,
100,50,2680,0,
101,50,2760,0,
102,50,2860,0,
103,50,2960,0,
104,50,3060.7,0,
105,50,3164.1,0,
106,50,3268.7,0,
107,50,3374.6,0,
108,50,3482.6,0,
109,50,3592.4,0,
110,50,3703.4,0,
51,51,8.608389,1,[Cd].5p3
52,51,19,0,
53,51,29.57,0,
54,51,42.2,0,
55,51,56,0,
56,51,71,0,
57,51,88,0,
58,51,106,0,
59,51,131,1,[Cd].4f.5p2
60,51,152,1,[Cd].4f2.5p
61,51,174,1,[Cd].4f3
62,51,208,0,
63,51,243,0,
64,51,268,1,[Kr].4d10.4f5
65,51,294,0,
66,51,332,0,
67,51,373,0,
68,51,415,0,
69,51,460,0,
70,51,505,0,
71,51,560,0,
72,51,610,0,
73,51,660,0,
74,51,686,0,
75,51,760,0,
76,51,820,0,
77,51,870,0,
78,51,930,0,
79,51,990,0,
80,51,1050,0,
81,51,1110,0,
82,51,1180,0,
83,51,1250,0,
84,51,1320,0,
85,51,1380,0,
86,51,1460,0,
87,51,1530,0,
88,51,1610,0,
89,51,1680,0,
90,51,1760,0,
91,51,1830,0,
92,51,1910,0,
93,51,1990,0,
94,51,2070,0,
95,51,2160,0,
96,51,2240,0,
97,51,2320,0,
98,51,2410,0,
99,51,2490,0,
100,51,2590,0,
101,51,2680,0,
102,51,2760,0,
103,51,2860,0,
104,51,2959.4,0,
105,51,3061.7,0,
106,51,3165.2,0,
107,51,3269.9,0,
108,51,3376.9,0,
109,51,3485.7,0,
110,51,3595.6,0,
52,52,9.00966,1,[Cd].5p4
53,52,19.13126,0,
54,52,31.05,0,
55,52,43,0,
56,52,58,0,
57,52,74,0,
58,52,91,0,
59,52,112,1,[Cd].4f.5p3
60,52,136,1,[Cd].4f2.5p2
61,52,155,1,[Cd].4f3.5p
62,52,179,1,[Cd].4f4
63,52,213,0,
64,52,246,0,
65,52,270,0,
66,52,300,0,
67,52,340,0,
68,52,381,1,[Kr].4d10.4f6
69,52,424,0,
70,52,469,0,
71,52,520,0,
72,52,560,0,
73,52,620,0,
74,52,640.6,0,
75,52,720,0,
76,52,770,0,
77,52,820,0,
78,52,870,0,
79,52,930,0,
80,52,990,0,
81,52,1060,0,
82,52,1120,0,
83,52,1180,0,
84,52,1250,0,
85,52,1320,0,
86,52,1390,0,
87,52,1460,0,
88,52,1530,0,
89,52,1610,0,
90,52,1680,0,
91,52,1760,0,
92,52,1830,0,
93,52,1910,0,
94,52,1990,0,
95,52,2070,0,
96,52,2160,0,
97,52,2240,0,
98,52,2320,0,
99,52,2410,0,
100,52,2490,0,
101,52,2580,0,
102,52,2680,0,
103,52,2780,0,
104,52,2878.7,0,
105,52,2980.5,0,
106,52,3083.4,0,
107,52,3187.5,0,
108,52,3294.1,0,
109,52,3402.3,0,
110,52,3511.8,0,
53,53,10.45126,1,[Cd].5p5
54,53,20.975,0,
55,53,33.195,0,
56,53,47.03,0,
57,53,61.6,0,
58,53,77.6,0,
59,53,97,1,[Cd].4f.5p4
60,53,114,1,[Cd].4f2.5p3
61,53,138,1,[Cd].4f3.5p2
62,53,158,1,[Cd].4f4.5p
63,53,183,1,[Cd].4f5
64,53,213,0,
65,53,250,0,
66,53,279,1,[Kr].4d10.4f6.5s
67,53,305,0,
68,53,345,1,[Kr].4d10.4f7
69,53,387,0,
70,53,431,0,
71,53,476,0,
72,53,520,0,
73,53,570,0,
74,53,594.5,0,
75,53,670,0,
76,53,720,0,
77,53,770,0,
78,53,820,0,
79,53,870,0,
80,53,930,0,
81,53,990,0,
82,53,1050,0,
83,53,1120,0,
84,53,1180,0,
85,53,1250,0,
86,53,1310,0,
87,53,1380,0,
88,53,1460,0,
89,53,1530,0,
90,53,1600,0,
91,53,1670,0,
92,53,1750,0,
93,53,1820,0,
94,53,1890,0,
95,53,1980,0,
96,53,2060,0,
97,53,2140,0,
98,53,2220,0,
99,53,2300,0,
100,53,2390,0,
101,53,2000,0,
102,53,2570,0,
103,53,2670,0,
104,53,2766.8,0,
105,53,2866.8,0,
106,53,2967.9,0,
107,53,3070.1,0,
108,53,3174.9,0,
109,53,3281.3,0,
110,53,3389.0,0,
54,54,12.1298431,1,[Cd].5p6
55,54,23.15745,0,
56,54,35.84,0,
57,54,49.95,0,
58,54,65.55,0,
59,54,82,0,
60,54,99,1,[Cd].4f2.5p4
61,54,116,1,[Cd].4f3.5p3
62,54,141,1,[Cd].4f4.5p2
63,54,161,1,[Cd].4f5.5p
64,54,183,0,
65,54,216,1,[Cd].4f6
66,54,259,0,
67,54,284,0,
68,54,311,1,[Kr].4d10.4f7.5s
69,54,352,1,[Kr].4d10.4f8
70,54,396,0,
71,54,438,0,
72,54,481,0,
73,54,530,0,
74,54,543.4,0,
75,54,620,0,
76,54,670,0,
77,54,720,0,
78,54,760,0,
79,54,820,0,
80,54,880,0,
81,54,930,0,
82,54,990,0,
83,54,1060,0,
84,54,1120,0,
85,54,1180,0,
86,54,1250,0,
87,54,1320,0,
88,54,1390,0,
89,54,1460,0,
90,54,1530,0,
91,54,1600,0,
92,54,1670,0,
93,54,1740,0,
94,54,1820,0,
95,54,1900,0,
96,54,1980,0,
97,54,2050,0,
98,54,2130,0,
99,54,2220,0,
100,54,2300,0,
101,54,2380,0,
102,54,2470,0,
103,54,2570,0,
104,54,2665.1,0,
105,54,2763.6,0,
106,54,2862.9,0,
107,54,2963.6,0,
108,54,3066.7,0,
109,54,3171.5,0,
110,54,3277.7,0,
55,55,3.893905548,1,[Xe].6s
56,55,10.003826,0,
57,55,19.1773,1,[Xe].5d
58,55,36.906,1,[Xe].4f
59,55,57.5,0,
60,55,84,1,[Cd].4f2.5p5
61,55,101,1,[Cd].4f3.5p4
62,55,118,1,[Cd].4f4.5p3
63,55,144,1,[Cd].4f5.5p2
64,55,165,0,
65,55,186,1,[Cd].4f6.5p
66,55,224,1,[Cd].4f7
67,55,263,0,
68,55,290,0,
69,55,317,1,[Kr].4d10.4f9
70,55,360,0,
71,55,399,0,
72,55,440,0,
73,55,482,0,
74,55,502.6,0,
75,55,570,0,
76,55,620,0,
77,55,670,0,
78,55,710,0,
79,55,760,0,
80,55,820,0,
81,55,880,0,
82,55,930,0,
83,55,990,0,
84,55,1060,0,
85,55,1120,0,
86,55,1180,0,
87,55,1250,0,
88,55,1320,0,
89,55,1380,0,
90,55,1460,0,
91,55,1520,0,
92,55,1590,0,
93,55,1670,0,
94,55,1700,0,
95,55,1820,0,
96,55,1890,0,
97,55,1970,0,
98,55,2050,0,
99,55,2130,0,
100,55,2210,0,
101,55,2290,0,
102,55,2380,0,
103,55,2470,0,
104,55,2563.3,0,
105,55,2660.0,0,
106,55,2757.5,0,
107,55,2856.3,0,
108,55,2957.7,0,
109,55,3060.7,0,
110,55,3165.1,0,
56,56,5.211664,1,[Xe].6s2
57,56,11.18492,1,[Xe].5d2
58,56,20.1974,1,[Xe].4f2
59,56,38.98,0,
60,56,60,0,
61,56,85,1,[Cd].4f3.5p5
62,56,103,1,[Cd].4f4.5p4
63,56,120,1,[Cd].4f5.5p3
64,56,144,1,[Cd].4f6.5p2
65,56,168,0,
66,56,192,1,[Cd].4f8
67,56,229,0,
68,56,268,0,
69,56,295,1,[Kr].4d10.4f9.5s
70,56,324,1,[Kr].4d10.4f10
71,56,361,0,
72,56,399,0,
73,56,439,0,
74,56,462.1,0,
75,56,520,0,
76,56,570,0,
77,56,610,0,
78,56,660,0,
79,56,710,0,
80,56,760,0,
81,56,820,0,
82,56,870,0,
83,56,930,0,
84,56,990,0,
85,56,1050,0,
86,56,1120,0,
87,56,1180,0,
88,56,1250,0,
89,56,1310,0,
90,56,1380,0,
91,56,1450,0,
92,56,1520,0,
93,56,1590,0,
94,56,1660,0,
95,56,1740,0,
96,56,1810,0,
97,56,1890,0,
98,56,1960,0,
99,56,2040,0,
100,56,2120,0,
101,56,2200,0,
102,56,2290,0,
103,56,2380,0,
104,56,2471.7,0,
105,56,2566.9,0,
106,56,2662.8,0,
107,56,2760.0,0,
108,56,2859.9,0,
109,56,2961.3,0,
110,56,3064.1,0,
57,57,5.5769,1,[Xe].5d.6s2
58,57,10.85,1,[Xe].4f.5d2
59,57,21.6237,1,[Xe].4f3
60,57,40.4,0,
61,57,61.69,0,
62,57,90,0,
63,57,105,1,[Cd].4f5.5p4
64,57,123,1,[Cd].4f6.5p3
65,57,143,1,[Cd].4f7.5p2
66,57,170,1,[Cd].4f8.5p
67,57,196,1,[Cd].4f9
68,57,235,0,
69,57,274,0,
70,57,301,1,[Kr].4d10.4f10.5s
71,57,328,0,
72,57,359,1,[Kr].4d10.4f11
73,57,396,0,
74,57,420.7,0,
75,57,476,0,
76,57,520,0,
77,57,560,0,
78,57,610,0,
79,57,650,0,
80,57,710,0,
81,57,760,0,
82,57,810,0,
83,57,870,0,
84,57,930,0,
85,57,990,0,
86,57,1050,0,
87,57,1110,0,
88,57,1180,0,
89,57,1240,0,
90,57,1310,0,
91,57,1370,0,
92,57,1440,0,
93,57,1510,0,
94,57,1580,0,
95,57,1650,0,
96,57,1730,0,
97,57,1800,0,
98,57,1880,0,
99,57,1950,0,
100,57,2030,0,
101,57,2110,0,
102,57,2200,0,
103,57,2290,0,
104,57,2379.9,0,
105,57,2473.5,0,
106,57,2567.6,0,
107,57,2663.1,0,
108,57,2761.3,0,
109,57,2861.0,0,
110,57,2962.1,0,
58,58,5.5386,1,[Xe].4f.5d.6s2
59,58,10.55,1,[Xe].4f3.6s
60,58,22.14,1,[Xe].4f4
61,58,41,0,
62,58,62.66,0,
63,58,88,1,[Cd].4f5.5p5
64,58,106,1,[Cd].4f6.5p4
65,58,125,1,[Cd].4f7.5p3
66,58,152,1,[Cd].4f8.5p2
67,58,174,1,[Cd].4f9.5p
68,58,201,1,[Cd].4f10
69,58,239,0,
70,58,279,0,
71,58,305,0,
72,58,334,1,[Kr].4d10.4f11.5s
73,58,363,0,
74,58,387.9,0,
75,58,429,1,[Kr].4d10.4f12
76,58,470,0,
77,58,510,0,
78,58,550,0,
79,58,600,0,
80,58,650,0,
81,58,700,0,
82,58,750,0,
83,58,810,0,
84,58,860,0,
85,58,920,0,
86,58,980,0,
87,58,1040,0,
88,58,1110,0,
89,58,1170,0,
90,58,1240,0,
91,58,1300,0,
92,58,1360,0,
93,58,1430,0,
94,58,1500,0,
95,58,1570,0,
96,58,1640,0,
97,58,1720,0,
98,58,1790,0,
99,58,1870,0,
100,58,1940,0,
101,58,2020,0,
102,58,2100,0,
103,58,2190,0,
104,58,2278,0,
105,58,2369,0,
106,58,2461,0,
107,58,2554,0,
108,58,2650,0,
109,58,2747,0,
110,58,2846,0,
59,59,5.473,1,[Xe].4f3.6s2
60,59,10.72,1,[Xe].4f4.6s
61,59,22,1,[Xe].4f5
62,59,41.4,0,
63,59,63,0,
64,59,89,1,[Cd].4f6.5p5
65,59,108,1,[Cd].4f8.5p3
66,59,127,1,[Cd].4f9.5p2
67,59,155,1,[Cd].4f10.5p
68,59,177,0,
69,59,205,1,[Cd].4f11
70,59,244,0,
71,59,276,0,
72,59,310,0,
73,59,338,0,
74,59,361.9,0,
75,59,403,0,
76,59,436,1,[Kr].4d10.4f12.5s
77,59,472,0,
78,59,507,0,
79,59,550,0,
80,59,590,1,[Kr].4d10.4f13
81,59,640,0,
82,59,690,0,
83,59,750,0,
84,59,800,0,
85,59,860,0,
86,59,920,0,
87,59,980,0,
88,59,1040,0,
89,59,1100,0,
90,59,1160,0,
91,59,1220,0,
92,59,1290,0,
93,59,1360,0,
94,59,1420,0,
95,59,1490,0,
96,59,1560,0,
97,59,1630,0,
98,59,1700,0,
99,59,1780,0,
100,59,1860,0,
101,59,1930,0,
102,59,2010,0,
103,59,2100,0,
104,59,2186,0,
105,59,2275,0,
106,59,2365,0,
107,59,2456,0,
108,59,2550,0,
109,59,2645,0,
110,59,2742,0,
60,60,5.525,1,[Xe].4f4.6s2
61,60,10.9,1,[Xe].4f5.6s
62,60,23.4,1,[Xe].4f6
63,60,42.7,0,
64,60,64.76,0,
65,60,90,1,[Cd].4f7.5p5
66,60,110,1,[Cd].4f8.5p4
67,60,129,1,[Cd].4f9.5p3
68,60,158,1,[Cd].4f10.5p2
69,60,180,1,[Cd].4f11.5p
70,60,209,1,[Cd].4f12
71,60,238,0,
72,60,270,0,
73,60,304,0,
74,60,325.3,0,
75,60,377,0,
76,60,410,0,
77,60,445,0,
78,60,479,0,
79,60,520,0,
80,60,560,1,[Kr].4d10.4f13.5s
81,60,600,0,
82,60,650,0,
83,60,690,0,
84,60,740,1,[Kr].4d10.4f14
85,60,790,0,
86,60,850,0,
87,60,910,0,
88,60,970,0,
89,60,1030,0,
90,60,1090,0,
91,60,1150,0,
92,60,1210,0,
93,60,1280,0,
94,60,1340,0,
95,60,1410,0,
96,60,1480,0,
97,60,1550,0,
98,60,1620,0,
99,60,1690,0,
100,60,1770,0,
101,60,1840,0,
102,60,1920,0,
103,60,2010,0,
104,60,2093,0,
105,60,2181,0,
106,60,2268,0,
107,60,2357,0,
108,60,2449,0,
109,60,2542,0,
110,60,2636,0,
61,61,5.582,1,[Xe].4f5.6s2
62,61,11.07,1,[Xe].4f6.6s
63,61,24.9,1,[Xe].4f7
64,61,44,0,
65,61,66.5,0,
66,61,93,1,[Cd].4f8.5p5
67,61,112,1,[Cd].4f9.5p4
68,61,131,1,[Cd].4f10.5p3
69,61,160,1,[Cd].4f11.5p2
70,61,182,1,[Cd].4f12.5p
71,61,205,0,
72,61,230,0,
73,61,262,1,[Cd].4f13
74,61,290.7,0,
75,61,330,0,
76,61,367,0,
77,61,407,0,
78,61,445,0,
79,61,487,0,
80,61,530,0,
81,61,570,0,
82,61,610,0,
83,61,660,0,
84,61,700,1,[Kr].4d10.4f14.5s
85,61,750,0,
86,61,800,0,
87,61,850,0,
88,61,900,0,
89,61,950,0,
90,61,1010,0,
91,61,1060,0,
92,61,1110,0,
93,61,1170,0,
94,61,1220,0,
95,61,1280,0,
96,61,1340,0,
97,61,1410,0,
98,61,1460,0,
99,61,1530,0,
100,61,1600,0,
101,61,1660,0,
102,61,1730,0,
103,61,1810,0,
104,61,1886.5,0,
105,61,1966.6,0,
106,61,2047.0,0,
107,61,2128.6,0,
108,61,2212.7,0,
109,61,2298.3,0,
110,61,2385.1,0,
62,62,5.64371,1,[Xe].4f6.6s2
63,62,11.241,1,[Xe].4f7.6s
64,62,20.63,1,[Xe].4f7.5d
65,62,39.36,1,[Xe].4f8
66,62,62.08,0,
67,62,95,1,[Cd].4f9.5p5
68,62,114,1,[Cd].4f10.5p4
69,62,133,1,[Cd].4f11.5p3
70,62,163,1,[Cd].4f12.5p2
71,62,185,0,
72,62,209,0,
73,62,235,1,[Cd].4f13.5p
74,62,258.3,1,[Cd].4f14
75,62,291,0,
76,62,320,0,
77,62,356,0,
78,62,392,0,
79,62,433,0,
80,62,477,0,
81,62,520,0,
82,62,570,0,
83,62,620,0,
84,62,670,0,
85,62,720,0,
86,62,760,0,
87,62,820,0,
88,62,860,0,
89,62,920,0,
90,62,970,0,
91,62,1020,0,
92,62,1070,0,
93,62,1130,0,
94,62,1180,0,
95,62,1240,0,
96,62,1300,0,
97,62,1360,0,
98,62,1420,0,
99,62,1480,0,
100,62,1550,0,
101,62,1620,0,
102,62,1680,0,
103,62,1760,0,
104,62,1835.7,0,
105,62,1915.0,0,
106,62,1994.7,0,
107,62,2075.6,0,
108,62,2159.0,0,
109,62,2243.8,0,
110,62,2329.8,0,
63,63,5.670385,1,[Xe].4f7.6s2
64,63,12.09,1,[Xe].4f7.5d.6s
65,63,21.91,1,[Xe].4f9
66,63,41.4,0,
67,63,63.93,0,
68,63,96,1,[Cd].4f10.5p5
69,63,116,1,[Cd].4f11.5p4
70,63,135,1,[Cd].4f12.5p3
71,63,159,1,[Cd].4f13.5p2
72,63,187,0,
73,63,213,0,
74,63,231.6,0,
75,63,268,0,
76,63,300,0,
77,63,329,1,[Cd].4f14.5p
78,63,358,0,
79,63,392,0,
80,63,429,0,
81,63,467,0,
82,63,507,0,
83,63,550,0,
84,63,590,0,
85,63,630,0,
86,63,680,0,
87,63,720,0,
88,63,770,0,
89,63,820,0,
90,63,900,0,
91,63,920,0,
92,63,970,0,
93,63,1020,0,
94,63,1070,0,
95,63,1130,0,
96,63,1180,0,
97,63,1240,0,
98,63,1300,0,
99,63,1360,0,
100,63,1420,0,
101,63,1480,0,
102,63,1550,0,
103,63,1620,0,
104,63,1690.9,0,
105,63,1765.3,0,
106,63,1839.9,0,
107,63,1915.8,0,
108,63,1994.0,0,
109,63,2073.5,0,
110,63,2154.3,0,
64,64,6.149796,1,[Xe].4f7.5d.6s2
65,64,11.52,1,[Xe].4f9.6s
66,64,22.93,1,[Xe].4f10
67,64,42.5,0,
68,64,65.1,0,
69,64,98,1,[Cd].4f11.5p5
70,64,117,1,[Cd].4f12.5p4
71,64,136,1,[Cd].4f13.5p3
72,64,157,0,
73,64,180,0,
74,64,208.9,1,[Cd].4f14.5p2
75,64,236,0,
76,64,269,0,
77,64,303,0,
78,64,332,0,
79,64,365,0,
80,64,402,0,
81,64,439,0,
82,64,478,0,
83,64,520,0,
84,64,560,0,
85,64,600,0,
86,64,640,0,
87,64,690,0,
88,64,740,0,
89,64,780,0,
90,64,830,0,
91,64,880,0,
92,64,930,0,
93,64,980,0,
94,64,1030,0,
95,64,1090,0,
96,64,1140,0,
97,64,1200,0,
98,64,1250,0,
99,64,1310,0,
100,64,1370,0,
101,64,1430,0,
102,64,1500,0,
103,64,1570,0,
104,64,1639.9,0,
105,64,1713.3,0,
106,64,1786.9,0,
107,64,1861.8,0,
108,64,1939.0,0,
109,64,2017.6,0,
110,64,2097.3,0,
65,65,5.8638,1,[Xe].4f9.6s2
66,65,11.67,1,[Xe].4f10.6s
67,65,22.84,1,[Xe].4f11
68,65,42.7,0,
69,65,65.43,0,
70,65,99,1,[Cd].4f12.5p5
71,65,117,1,[Cd].4f13.5p4
72,65,138,0,
73,65,159,0,
74,65,179,1,[Cd].4f14.5p3
75,65,208,0,
76,65,235,0,
77,65,264,0,
78,65,293,0,
79,65,324,0,
80,65,357,0,
81,65,392,0,
82,65,428,0,
83,65,464,0,
84,65,502,0,
85,65,540,0,
86,65,580,0,
87,65,620,0,
88,65,660,0,
89,65,710,0,
90,65,750,0,
91,65,790,0,
92,65,840,0,
93,65,880,0,
94,65,930,0,
95,65,980,0,
96,65,1030,0,
97,65,1080,0,
98,65,1120,0,
99,65,1180,0,
100,65,1230,0,
101,65,1290,0,
102,65,1340,0,
103,65,1410,0,
104,65,1473.8,0,
105,65,1541.0,0,
106,65,1608.2,0,
107,65,1676.6,0,
108,65,1747.3,0,
109,65,1819.1,0,
110,65,1892.1,0,
66,66,5.93905,1,[Xe].4f10.6s2
67,66,11.8,1,[Xe].4f11.6s
68,66,22.74,1,[Xe].4f12
69,66,42.7,0,
70,66,65.58,0,
71,66,98,0,
72,66,118,1,[Cd].4f13.5p5
73,66,139,0,
74,66,160.2,1,[Cd].4f14.5p4
75,66,187,0,
76,66,213,0,
77,66,240,0,
78,66,269,0,
79,66,299,0,
80,66,332,0,
81,66,366,0,
82,66,401,0,
83,66,436,0,
84,66,473,0,
85,66,510,0,
86,66,550,0,
87,66,590,0,
88,66,630,0,
89,66,670,0,
90,66,720,0,
91,66,760,0,
92,66,800,0,
93,66,850,0,
94,66,890,0,
95,66,940,0,
96,66,990,0,
97,66,1040,0,
98,66,1090,0,
99,66,1140,0,
100,66,1190,0,
101,66,1250,0,
102,66,1300,0,
103,66,1360,0,
104,66,1422.6,0,
105,66,1488.5,0,
106,66,1554.5,0,
107,66,1621.6,0,
108,66,1691.0,0,
109,66,1761.6,0,
110,66,1833.2,0,
67,67,6.0215,1,[Xe].4f11.6s2
68,67,11.93,1,[Xe].4f12.6s
69,67,23.7,1,[Xe].4f13
70,67,43.56,0,
71,67,66.79,0,
72,67,98,0,
73,67,119,0,
74,67,141.2,0,
75,67,165,1,[Cd].4f14.5p5
76,67,190,0,
77,67,217,0,
78,67,245,0,
79,67,275,0,
80,67,307,0,
81,67,340,0,
82,67,374,0,
83,67,409,0,
84,67,444,0,
85,67,481,0,
86,67,520,0,
87,67,560,0,
88,67,600,0,
89,67,640,0,
90,67,680,0,
91,67,720,0,
92,67,770,0,
93,67,810,0,
94,67,850,0,
95,67,900,0,
96,67,950,0,
97,67,1000,0,
98,67,1050,0,
99,67,1100,0,
100,67,1150,0,
101,67,1200,0,
102,67,1260,0,
103,67,1320,0,
104,67,1381.7,0,
105,67,1446.8,0,
106,67,1512.0,0,
107,67,1578.3,0,
108,67,1646.8,0,
109,67,1716.5,0,
110,67,1787.3,0,
68,68,6.1077,1,[Xe].4f12.6s2
69,68,12.05,1,[Xe].4f13.6s
70,68,25.053,1,[Xe].4f14
71,68,45.249,0,
72,68,68.375,0,
73,68,94.011,0,
74,68,122.01,0,
75,68,144.4,0,
76,68,168.7,0,
77,68,194.8,0,
78,68,220.4,0,
79,68,200,0,
80,68,276.9,0,
81,68,306.9,0,
82,68,338.1,0,
83,68,370.2,0,
84,68,416,0,
85,68,452,0,
86,68,488,0,
87,68,530,0,
88,68,570,0,
89,68,610,0,
90,68,650,0,
91,68,690,0,
92,68,730,0,
93,68,770,0,
94,68,820,0,
95,68,860,0,
96,68,910,0,
97,68,960,0,
98,68,1010,0,
99,68,1060,0,
100,68,1110,0,
101,68,1160,0,
102,68,1220,0,
103,68,1280,0,
104,68,1340.8,0,
105,68,1405.0,0,
106,68,1469.3,0,
107,68,1534.6,0,
108,68,1602.2,0,
109,68,1671.0,0,
110,68,1740.9,0,
69,69,6.18431,1,[Xe].4f13.6s2
70,69,12.179184,1,[Xe].4f14.6s
71,69,20.9551,0,
72,69,33.37,1,[Xe].4f14.5d
73,69,48.272,0,
74,69,64.766,0,
75,69,82.71,0,
76,69,102.024,0,
77,69,123,0,
78,69,144.9,0,
79,69,168.2,0,
80,69,192.7,0,
81,69,218.3,0,
82,69,245.1,0,
83,69,272.6,0,
84,69,304,0,
85,69,335,0,
86,69,367,0,
87,69,400,0,
88,69,435,0,
89,69,470,0,
90,69,508,0,
91,69,546,0,
92,69,585,0,
93,69,626,0,
94,69,668,0,
95,69,711,0,
96,69,755,0,
97,69,800,0,
98,69,847,0,
99,69,895,0,
100,69,944,0,
101,69,994,0,
102,69,1045,0,
103,69,1098,0,
104,69,1151,0,
105,69,1207,0,
106,69,1263,0,
107,69,1320,0,
108,69,1379,0,
109,69,1439,0,
110,69,1500,0,
70,70,6.25416,1,[Xe].4f14.6s2
71,70,13.9,0,
72,70,23.28,1,[Xe].4f14.5d2
73,70,35,0,
74,70,51.59,0,
75,70,67,0,
76,70,85.1,0,
77,70,105,0,
78,70,126,0,
79,70,149,0,
80,70,173,0,
81,70,198,0,
82,70,224,0,
83,70,252,0,
84,70,281,0,
85,70,311,0,
86,70,342,0,
87,70,375,0,
88,70,409,0,
89,70,444,0,
90,70,480,0,
91,70,518,0,
92,70,557,0,
93,70,596,0,
94,70,637,0,
95,70,680,0,
96,70,723,0,
97,70,768,0,
98,70,814,0,
99,70,861,0,
100,70,909,0,
101,70,958,0,
102,70,1010,0,
103,70,1061,0,
104,70,1114,0,
105,70,1168,0,
106,70,1223,0,
107,70,1280,0,
108,70,1338,0,
109,70,1397,0,
110,70,1457,0,
71,71,5.425871,1,[Xe].4f14.5d.6s2
72,71,15,0,
73,71,23.1,1,[Xe].4f14.5d3
74,71,38.21,0,
75,71,51.9,0,
76,71,70.1,0,
77,71,89,0,
78,71,109,0,
79,71,130.1,0,
80,71,153,0,
81,71,177,0,
82,71,203,0,
83,71,229,0,
84,71,257,0,
85,71,287,0,
86,71,317,0,
87,71,349,0,
88,71,382,0,
89,71,416,0,
90,71,451,0,
91,71,488,0,
92,71,525,0,
93,71,565,0,
94,71,605,0,
95,71,646,0,
96,71,689,0,
97,71,733,0,
98,71,778,0,
99,71,824,0,
100,71,871,0,
101,71,920,0,
102,71,969,0,
103,71,1020,0,
104,71,1073,0,
105,71,1126,0,
106,71,1181,0,
107,71,1237,0,
108,71,1294,0,
109,71,1352,0,
110,71,1412,0,
72,72,6.82507,1,[Xe].4f14.5d2.6s2
73,72,16.2,1,[Xe].4f14.5d3.6s
74,72,26.02,1,[Xe].4f14.5d4
75,72,39.1,0,
76,72,55,0,
77,72,72,0,
78,72,91,0,
79,72,112,0,
80,72,134,0,
81,72,158,0,
82,72,182,0,
83,72,208,0,
84,72,235,0,
85,72,263,0,
86,72,293,0,
87,72,324,0,
88,72,356,0,
89,72,390,0,
90,72,424,0,
91,72,460,0,
92,72,497,0,
93,72,535,0,
94,72,575,0,
95,72,616,0,
96,72,657,0,
97,72,700,0,
98,72,744,0,
99,72,790,0,
100,72,837,0,
101,72,885,0,
102,72,934,0,
103,72,985,0,
104,72,1036,0,
105,72,1089,0,
106,72,1143,0,
107,72,1197,0,
108,72,1253,0,
109,72,1311,0,
110,72,1369,0,
73,73,7.54957,1,[Xe].4f14.5d3.6s2
74,73,16.4,1,[Xe].4f14.5d4.6s
75,73,27,1,[Xe].4f14.5d5
76,73,41,0,
77,73,57,0,
78,73,75,0,
79,73,94,0,
80,73,113.9,0,
81,73,135,0,
82,73,158,0,
83,73,183,0,
84,73,209,0,
85,73,236,0,
86,73,264,0,
87,73,293,0,
88,73,324,0,
89,73,355,0,
90,73,389,0,
91,73,423,0,
92,73,458,0,
93,73,495,0,
94,73,532,0,
95,73,571,0,
96,73,611,0,
97,73,652,0,
98,73,695,0,
99,73,738,0,
100,73,782,0,
101,73,828,0,
102,73,875,0,
103,73,922,0,
104,73,972,0,
105,73,1022,0,
106,73,1073,0,
107,73,1126,0,
108,73,1180,0,
109,73,1234,0,
110,73,1290,0,
74,74,7.86403,1,[Xe].4f14.5d4.6s2
75,74,16.6,1,[Xe].4f14.5d5.6s
76,74,25,0,
77,74,40,1,[Xe].4f14.5d6
78,74,56,0,
79,74,74,0,
80,74,93,0,
81,74,116,0,
82,74,138,0,
83,74,161.1,0,
84,74,190,0,
85,74,212,0,
86,74,240,0,
87,74,269,0,
88,74,299,0,
89,74,330,0,
90,74,362,0,
91,74,395,0,
92,74,431,0,
93,74,466,0,
94,74,503,0,
95,74,541,0,
96,74,580,0,
97,74,621,0,
98,74,662,0,
99,74,705,0,
100,74,749,0,
101,74,794,0,
102,74,840,0,
103,74,888,0,
104,74,936,0,
105,74,985,0,
106,74,1036,0,
107,74,1088,0,
108,74,1140,0,
109,74,1195,0,
110,74,1250,0,
75,75,7.83352,1,[Xe].4f14.5d5.6s2
76,75,17,1,[Xe].4f14.5d6.6s
77,75,28,1,[Xe].4f14.5d7
78,75,43,0,
79,75,60,0,
80,75,76.6,0,
81,75,98,0,
82,75,120,0,
83,75,143,0,
84,75,166,0,
85,75,192.1,0,
86,75,218,0,
87,75,245,0,
88,75,274,0,
89,75,305,0,
90,75,336,0,
91,75,369,0,
92,75,402,0,
93,75,438,0,
94,75,474,0,
95,75,511,0,
96,75,550,0,
97,75,590,0,
98,75,630,0,
99,75,672,0,
100,75,716,0,
101,75,760,0,
102,75,805,0,
103,75,852,0,
104,75,899,0,
105,75,948,0,
106,75,998,0,
107,75,1049,0,
108,75,1101,0,
109,75,1154,0,
110,75,1208,0,
76,76,8.43823,1,[Xe].4f14.5d6.6s2
77,76,17,1,[Xe].4f14.5d7.6s
78,76,29,1,[Xe].4f14.5d8
79,76,45,0,
80,76,61.2,0,
81,76,80,0,
82,76,100.1,0,
83,76,122,0,
84,76,146.1,0,
85,76,169,0,
86,76,195,0,
87,76,222.1,0,
88,76,250,0,
89,76,279,0,
90,76,310,0,
91,76,342,0,
92,76,375,0,
93,76,408,0,
94,76,444,0,
95,76,481,0,
96,76,518,0,
97,76,557,0,
98,76,597,0,
99,76,638,0,
100,76,680,0,
101,76,723,0,
102,76,768,0,
103,76,814,0,
104,76,860,0,
105,76,908,0,
106,76,958,0,
107,76,1008,0,
108,76,1060,0,
109,76,1112,0,
110,76,1165,0,
77,77,8.96702,1,[Xe].4f14.5d7.6s2
78,77,18.56,1,[Xe].4f14.5d9
79,77,30,0,
80,77,48.55,0,
81,77,62.6,0,
82,77,82.9,0,
83,77,103,0,
84,77,125,0,
85,77,149,0,
86,77,173.9,0,
87,77,200,0,
88,77,227,0,
89,77,255,0,
90,77,285,0,
91,77,316,0,
92,77,348,0,
93,77,382,0,
94,77,416,0,
95,77,451,0,
96,77,489,0,
97,77,526,0,
98,77,566,0,
99,77,606,0,
100,77,647,0,
101,77,690,0,
102,77,734,0,
103,77,779,0,
104,77,825,0,
105,77,872,0,
106,77,921,0,
107,77,969,0,
108,77,1020,0,
109,77,1072,0,
110,77,1125,0,
78,78,8.95883,1,[Xe].4f14.5d9.6s
79,78,20.203,1,[Xe].4f14.5d10
80,78,34.46,0,
81,78,51.14,0,
82,78,68.8,0,
83,78,88.4,0,
84,78,108,0,
85,78,130.1,0,
86,78,154,0,
87,78,179,0,
88,78,204.9,0,
89,78,233,0,
90,78,262,0,
91,78,292,0,
92,78,323,0,
93,78,355,0,
94,78,389,0,
95,78,424,0,
96,78,460,0,
97,78,497,0,
98,78,536,0,
99,78,576,0,
100,78,616,0,
101,78,659,0,
102,78,701,0,
103,78,745,0,
104,78,791,0,
105,78,838,0,
106,78,885,0,
107,78,934,0,
108,78,984,0,
109,78,1035,0,
110,78,1087,0,
79,79,9.225553,1,[Xe].4f14.5d10.6s
80,79,18.75687,0,
81,79,29.852,0,
82,79,42.33256,0,
83,79,54.85,0,
84,79,69.1,0,
85,79,85.1,0,
86,79,102,0,
87,79,120,0,
88,79,140,0,
89,79,161.1,0,
90,79,181,0,
91,79,203,0,
92,79,227,0,
93,79,252,0,
94,79,278,0,
95,79,305,0,
96,79,332,0,
97,79,361,0,
98,79,390,0,
99,79,421,0,
100,79,453,0,
101,79,486,0,
102,79,520,0,
103,79,560,1,[Xe].4f14.5d10.5f
104,79,597,1,[Xe].4f14.5d10.5f?
105,79,636,0,
106,79,674,0,
107,79,714,0,
108,79,755,0,
109,79,797,0,
110,79,839,0,
80,80,10.437504,1,[Xe].4f14.5d10.6s2
81,80,20.4283,0,
82,80,31.9373,0,
83,80,45.37,0,
84,80,57,0,
85,80,72,0,
86,80,88,0,
87,80,106,0,
88,80,100,0,
89,80,143.9,0,
90,80,165,0,
91,80,187,0,
92,80,210,0,
93,80,233,0,
94,80,258,0,
95,80,284,0,
96,80,311,0,
97,80,339,0,
98,80,368,0,
99,80,398,0,
100,80,430,0,
101,80,462,0,
102,80,496,0,
103,80,540,1,[Xe].4f14.5d10.5f.6s
104,80,579,1,[Xe].4f14.5d10.5f.6s?
105,80,618,0,
106,80,658,0,
107,80,700,0,
108,80,743,0,
109,80,786,0,
110,80,831,0,
81,81,6.108287,1,[Hg].6p
82,81,15.032498,0,
83,81,25.563,0,
84,81,36,0,
85,81,50.39,0,
86,81,64,0,
87,81,80,0,
88,81,97,0,
89,81,113.9,0,
90,81,133,0,
91,81,153,0,
92,81,173,0,
93,81,196,0,
94,81,219,0,
95,81,242,0,
96,81,272,1,[Hg].5f
97,81,303,0,
98,81,334,0,
99,81,367,0,
100,81,402,0,
101,81,438,0,
102,81,475,0,
103,81,510,0,
104,81,549,1,[Hg].5f?
105,81,589,0,
106,81,630,0,
107,81,672,0,
108,81,715,0,
109,81,760,0,
110,81,805,0,
82,82,7.4166796,1,[Hg].6p2
83,82,16.703,0,
84,82,27,0,
85,82,39.65,0,
86,82,52.9,0,
87,82,67,0,
88,82,82,0,
89,82,98.9,0,
90,82,118,0,
91,82,137,0,
92,82,158,0,
93,82,179,0,
94,82,200,0,
95,82,225,0,
96,82,253,1,[Hg].5f.6p
97,82,279,1,[Hg].5f2
98,82,310,0,
99,82,342,0,
100,82,377,0,
101,82,412,0,
102,82,448,0,
103,82,487,0,
104,82,527,1,[Hg].5f2?
105,82,568,0,
106,82,609,0,
107,82,652,0,
108,82,696,0,
109,82,742,0,
110,82,789,0,
83,83,7.285516,1,[Hg].6p3
84,83,19.3,0,
85,83,26.58,0,
86,83,36.9,0,
87,83,50,0,
88,83,64,0,
89,83,79,0,
90,83,95,0,
91,83,111,0,
92,83,129,0,
93,83,151,1,[Hg].5f.6p2
94,83,179,0,
95,83,206,0,
96,83,235,0,
97,83,259,1,[Hg].5f2.6p
98,83,286,1,[Hg].5f3
99,83,317,0,
100,83,351,0,
101,83,386,0,
102,83,420,0,
103,83,460,0,
104,83,500,1,[Hg].5f3?
105,83,541,0,
106,83,582,0,
107,83,626,0,
108,83,670,0,
109,83,716,0,
110,83,763,0,
84,84,8.414,1,[Hg].6p4
85,84,17.88,0,
86,84,29.4,0,
87,84,39.1,0,
88,84,52.9,0,
89,84,67,0,
90,84,82,0,
91,84,98.9,0,
92,84,116,0,
93,84,136,1,[Hg].5f.6p3
94,84,159,1,[Hg].5f2.6p2
95,84,184,0,
96,84,212,0,
97,84,240,0,
98,84,265,1,[Hg].5f3.6p
99,84,294,1,[Hg].5f4
100,84,326,0,
101,84,360,0,
102,84,394,0,
103,84,431,0,
104,84,471,1,[Hg].5f4?
105,84,511,0,
106,84,552,0,
107,84,596,0,
108,84,640,0,
109,84,685,0,
110,84,732,0,
85,85,9.31751,1,[Hg].6p5
86,85,21.4,0,
87,85,33,0,
88,85,41,0,
89,85,55,0,
90,85,69.1,0,
91,85,85.1,0,
92,85,101,0,
93,85,121,1,[Hg].5f.6p4
94,85,139,1,[Hg].5f3.6p2
95,85,162,0,
96,85,190,0,
97,85,218,0,
98,85,247,0,
99,85,270,1,[Hg].5f4.6p
100,85,300,1,[Hg].5f5
101,85,334,0,
102,85,367,0,
103,85,403,0,
104,85,442,1,[Hg].5f5?
105,85,482,0,
106,85,522,0,
107,85,566,0,
108,85,609,0,
109,85,654,0,
110,85,701,0,
86,86,10.7485,1,[Hg].6p6
87,86,22.4,0,
88,86,31,0,
89,86,44.8,0,
90,86,58,0,
91,86,72,0,
92,86,89,0,
93,86,107,1,[Hg].5f.6p5
94,86,124,1,[Hg].5f3.6p3
95,86,141,0,
96,86,167,1,[Hg].5f4.6p2
97,86,195,0,
98,86,225,0,
99,86,252,0,
100,86,276,1,[Hg].5f5.6p
101,86,307,1,[Hg].5f6
102,86,341,0,
103,86,374,0,
104,86,412,1,[Hg].5f6?
105,86,451,0,
106,86,491,0,
107,86,533,0,
108,86,576,0,
109,86,620,0,
110,86,665,0,
87,87,4.0727409,1,[Rn].7s
88,87,10.147153,0,
89,87,17.431,0,
90,87,28.648,1,[Rn].5f
91,87,44.3,0,
92,87,60,0,
93,87,92,0,
94,87,109,1,[Hg].5f3.6p4
95,87,126,0,
96,87,144,1,[Hg].5f5.6p2
97,87,171,0,
98,87,202,0,
99,87,231,0,
100,87,257,0,
101,87,282,1,[Hg].5f6.6p
102,87,312,1,[Hg].5f7
103,87,344,0,
104,87,381,1,[Hg].5f7?
105,87,419,0,
106,87,457,0,
107,87,498,0,
108,87,539,0,
109,87,581,0,
110,87,626,0,
88,88,5.278424,1,[Rn].7s2
89,88,11.75,0,
90,88,18.32,1,[Rn].5f.6d
91,88,30.9,1,[Rn].5f2
92,88,46,0,
93,88,65,0,
94,88,95,1,[Hg].5f3.6p5
95,88,110,0,
96,88,128,1,[Hg].5f5.6p3
97,88,147,1,[Hg].5f6.6p2
98,88,178,0,
99,88,206,0,
100,88,237,0,
101,88,260,0,
102,88,290,1,[Hg].5f7.6p
103,88,320,1,[Hg].5f8
104,88,356,1,[Hg].5f8?
105,88,393,0,
106,88,430,0,
107,88,470,0,
108,88,510,0,
109,88,552,0,
110,88,595,0,
89,89,5.380226,1,[Rn].6d.7s2
90,89,11.9,1,[Rn].6d2.7s
91,89,19,1,[Rn].5f2.6d
92,89,36.7,1,[Rn].5f3
93,89,48,0,
94,89,80,0,
95,89,95,0,
96,89,112,1,[Hg].5f5.6p4
97,89,130,1,[Hg].5f6.6p3
98,89,152,1,[Hg].5f7.6p2
99,89,180,0,
100,89,209,0,
101,89,240,0,
102,89,267,0,
103,89,290,1,[Hg].5f8.6p
104,89,324,1,[Hg].5f8.6p?
105,89,359,0,
106,89,394,0,
107,89,432,0,
108,89,470,0,
109,89,510,0,
110,89,551,0,
90,90,6.3067,1,[Rn].6d2.7s2
91,90,11.9,1,[Rn].5f2.7s2
92,90,19.8,1,[Rn].5f4
93,90,33.8,0,
94,90,49,0,
95,90,67.9,0,
96,90,97,0,
97,90,114,0,
98,90,133,0,
99,90,157,0,
100,90,185,0,
101,90,215,0,
102,90,246,0,
103,90,269,0,
104,90,302,0,
105,90,336,0,
106,90,370,0,
107,90,407,0,
108,90,444,0,
109,90,482,0,
110,90,522,0,
91,91,5.89,1,[Rn].5f2.6d.7s2
92,91,11.59,1,[Rn].5f3.7s2
93,91,19.7,1,[Rn].5f5
94,91,35,0,
95,91,50,0,
96,91,69.1,0,
97,91,90,0,
98,91,112.9,0,
99,91,137,0,
100,91,162,0,
101,91,187,0,
102,91,216,0,
103,91,244,0,
104,91,275,0,
105,91,307,0,
106,91,339,0,
107,91,374,0,
108,91,409,0,
109,91,445,0,
110,91,483,0,
92,92,6.19405,1,[Rn].5f3.6d.7s2
93,92,11.5,1,[Rn].5f4.6d.7s
94,92,21,1,[Rn].5f6
95,92,36.8,0,
96,92,51,0,
97,92,70.1,0,
98,92,91,0,
99,92,112.9,0,
100,92,136,0,
101,92,162,0,
102,92,187,0,
103,92,216,0,
104,92,244,0,
105,92,274,0,
106,92,306,0,
107,92,337,0,
108,92,371,0,
109,92,406,0,
110,92,442,0,
93,93,6.2655,1,[Rn].5f4.6d.7s2
94,93,11.5,1,[Rn].5f6.7s
95,93,21.7,1,[Rn].5f7
96,93,37.7,0,
97,93,56,0,
98,93,75,0,
99,93,97,0,
100,93,120,0,
101,93,143.9,0,
102,93,170,0,
103,93,197,0,
104,93,225,0,
105,93,254,0,
106,93,285,0,
107,93,318,0,
108,93,351,0,
109,93,386,0,
110,93,422,0,
94,94,6.0258,1,[Rn].5f6.7s2
95,94,11.7,1,[Rn].5f7.7s
96,94,20.1,1,[Rn].5f8
97,94,36,0,
98,94,51.9,0,
99,94,71,0,
100,94,93,0,
101,94,115.1,0,
102,94,140,0,
103,94,165,0,
104,94,193,0,
105,94,220.9,0,
106,94,251,0,
107,94,281,0,
108,94,314,0,
109,94,346,0,
110,94,380,0,
95,95,5.9738,1,[Rn].5f7.7s2
96,95,10,0,
97,95,21.6,1,[Rn].5f9
98,95,37.7,0,
99,95,54.1,0,
100,95,74,0,
101,95,96,0,
102,95,119,0,
103,95,143,0,
104,95,169,0,
105,95,196,0,
106,95,224,0,
107,95,255,0,
108,95,285,0,
109,95,318,0,
110,95,352,0,
96,96,5.9914,1,[Rn].5f7.6d.7s2
97,96,11.9,1,[Rn].5f9.7s
98,96,22.4,1,[Rn].5f10
99,96,38.8,0,
100,96,55,0,
101,96,76,0,
102,96,97,0,
103,96,121,0,
104,96,146.1,0,
105,96,172,0,
106,96,200,0,
107,96,228,0,
108,96,258,0,
109,96,289,0,
110,96,322,0,
97,97,6.1978,1,[Rn].5f9.7s2
98,97,12,1,[Rn].5f10.7s
99,97,22.7,1,[Rn].5f11
100,97,39.3,0,
101,97,54.1,0,
102,97,74,0,
103,97,96,0,
104,97,119,0,
105,97,145,0,
106,97,170,0,
107,97,198,0,
108,97,227,0,
109,97,257,0,
110,97,288,0,
98,98,6.2817,1,[Rn].5f10.7s2
99,98,12.2,1,[Rn].5f11.7s
100,98,23.2,1,[Rn].5f12
101,98,40,0,
102,98,60,0,
103,98,80,0,
104,98,102,0,
105,98,126,0,
106,98,152,0,
107,98,178,0,
108,98,206.1,0,
109,98,235.9,0,
110,98,266,0,
99,99,6.3676,1,[Rn].5f11.7s2
100,99,10,1,[Rn].5f12.7s
101,99,24.3,1,[Rn].5f13
102,99,41.5,0,
103,99,56,0,
104,99,77,0,
105,99,98.9,0,
106,99,122,0,
107,99,148,0,
108,99,173.9,0,
109,99,202,0,
110,99,231,0,
100,100,6.5,1,[Rn].5f12.7s2
101,100,10,1,[Rn].5f13.7s
102,100,25.8,1,[Rn].5f14
103,100,43.6,0,
104,100,64,0,
105,100,86,0,
106,100,109,0,
107,100,134,0,
108,100,160,0,
109,100,187,0,
110,100,216,0,
101,101,6.58,1,[Rn].5f13.7s2
102,101,12.5,1,[Rn].5f14.7s
103,101,21.4,0,
104,101,31.7,0,
105,101,43,1,[Rn].5f14.6d
106,101,59.3,0,
107,101,74.9,0,
108,101,92,0,
109,101,109,0,
110,101,128,0,
102,102,6.65,1,[Rn].5f14.7s2
103,102,14.3,0,
104,102,23.9,0,
105,102,33,1,[Rn].5f14.6d2
106,102,47.2,0,
107,102,62.1,0,
108,102,78,0,
109,102,94,0,
110,102,112.9,0,
103,103,4.9,1,[Rn].5f14.7s2.7p
104,103,14.7,1,[Rn].5f14.6d.7s2
105,103,23.1,1,[Rn].5f14.6d2.7s
106,103,35.5,1,[Rn].5f14.6d3
107,103,49,0,
108,103,64,0,
109,103,77,0,
110,103,93,0,
104,104,6.01,1,[Rn].5f14.6d2.7s2
105,104,14,0,
106,104,25.8,1,[Rn].5f14.6d3.7s
107,104,37.3,1,[Rn].5f14.6d4
108,104,51.2,0,
109,104,62,0,
110,104,74,0,
105,105,6.8,1,[Rn].5f14.6d3.7s2
106,105,17.1,0,
107,105,26.7,1,[Rn].5f14.6d4.7s
108,105,37.7,0,
109,105,50,1,[Rn].5f14.6d5
110,105,65,0,
106,106,7.8,1,[Rn].5f14.6d4.7s2
107,106,17.5,0,
108,106,29.3,1,[Rn].5f14.6d5.7s
109,106,38.6,1,[Rn].5f14.6d5.7s?
110,106,48.4,0,
107,107,7.7,1,[Rn].5f14.6d5.7s2
108,107,18.2,0,
109,107,30.1,1,[Rn].5f14.6d5.7s2?
110,107,39.0,0,
108,108,7.6,1,[Rn].5f14.6d6.7s2
109,108,19.2,1,[Rn].5f14.6d6.7s2?
110,108,32.0,0,
109,109,7.2,1,[Rn].5f14.6d7.7s2?
110,109,20.0,1,[Rn].5f14.6d6.7s2?
110,110,6.4,1,[Rn].5f14.6d8.7s2?
